strategy,player_index,episode,score_component_old,score_component_new,reward_old,reward_new,all_cost_old,all_cost_new
PID,0,0,16.437864708064566,16.437864708064566,24.0,24.0,2899.9743841562813,2899.9743841562813
PID,0,1,13.001273868240714,13.001273868240714,22.0,22.0,2861.8117857578954,2861.8117857578954
PID,0,2,40.0,40.0,40.0,40.0,2861.191903056262,2861.191903056262
PID,0,3,20.899209378738625,20.899209378738625,26.0,26.0,2899.980605750286,2899.980605750286
PID,8,0,21.882576670231803,21.882576670231803,44.0,44.0,4367.448829572833,4367.448829572833
PID,8,1,15.960206985851707,15.960206985851707,41.0,41.0,4599.965404184379,4599.965404184379
PID,8,2,6.898683045285056,6.898683045285056,31.0,31.0,4599.996325108619,4599.996325108619
PID,8,3,30.71826283428393,30.71826283428393,51.0,51.0,4599.969775803038,4599.969775803038
PID,16,0,7.301256349236275,7.301256349236275,12.0,12.0,1999.9374962016773,1999.9374962016773
PID,16,1,21.0,21.0,21.0,21.0,1999.9304003459104,1999.9304003459104
PID,16,2,11.594463530980036,11.594463530980036,14.0,14.0,1999.90827042427,1999.90827042427
PID,16,3,18.0,18.0,18.0,18.0,1999.9265653621592,1999.9265653621592
PID,24,0,0.45003650203775947,0.45003650203775947,5.0,5.0,1999.9188893345095,1999.9188893345095
PID,24,1,1.8432271349005336,1.8432271349005336,8.0,8.0,1999.9852785610192,1999.9852785610192
PID,24,2,8.343997807948039,8.343997807948039,13.0,13.0,1947.1938259329393,1947.1938259329393
PID,24,3,14.746745498670167,14.746745498670167,16.0,16.0,1999.9223204363677,1999.9223204363677
PID,32,0,19.0,19.0,19.0,19.0,1999.9780198229573,1999.9780198229573
PID,32,1,19.0,19.0,19.0,19.0,1999.9917638841293,1999.9917638841293
PID,32,2,23.0,23.0,23.0,23.0,1999.81535885026,1999.81535885026
PID,32,3,19.0,19.0,19.0,19.0,1999.9921516184438,1999.9921516184438
PID,40,0,0.9902065599451781,0.9902065599451781,11.0,11.0,3299.655787316723,3299.655787316723
PID,40,1,18.919209280547836,18.919209280547836,30.0,30.0,3399.9529009352345,3399.9529009352345
PID,40,2,14.385577768823294,14.385577768823294,27.0,27.0,3329.08206528769,3329.08206528769
PID,40,3,7.461087265115772,7.461087265115772,22.0,22.0,3399.973021013444,3399.973021013444
ABid,0,0,16.4383527752453,16.4383527752453,24.0,24.0,2899.9313326155548,2899.9313326155548
ABid,0,1,2.6125010313321644,2.6125010313321644,13.0,13.0,2899.925181497315,2899.925181497315
ABid,0,2,8.155880195209988,8.155880195209988,19.0,19.0,2899.9798655024215,2899.9798655024215
ABid,0,3,11.012442897730752,11.012442897730752,21.0,21.0,2899.9272793222526,2899.9272793222526
ABid,8,0,32.962903306917205,32.962903306917205,44.0,44.0,3558.4783384922475,3558.4783384922475
ABid,8,1,34.47627427294423,34.47627427294423,53.0,53.0,4599.934851981574,4599.934851981574
ABid,8,2,1.8899369514453663,1.8899369514453663,19.0,19.0,4217.011480003293,4217.011480003293
ABid,8,3,22.540832391454796,22.540832391454796,46.0,46.0,4599.915064454313,4599.915064454313
ABid,16,0,2.1632501133432585,2.1632501133432585,8.0,8.0,1999.976834125268,1999.976834125268
ABid,16,1,16.0,16.0,16.0,16.0,1999.996539886523,1999.996539886523
ABid,16,2,11.5942546563668,11.5942546563668,14.0,14.0,1999.926284871835,1999.926284871835
ABid,16,3,11.594118602255989,11.594118602255989,14.0,14.0,1999.9380191572714,1999.9380191572714
ABid,24,0,3.60014871967659,3.60014871967659,10.0,10.0,1999.958690277631,1999.958690277631
ABid,24,1,4.791723073282914,4.791723073282914,11.0,11.0,1999.9743152954663,1999.9743152954663
ABid,24,2,2.6245762727691173,2.6245762727691173,9.0,9.0,1999.932836521152,1999.932836521152
ABid,24,3,3.600221312219892,3.600221312219892,10.0,10.0,1999.9385272366562,1999.9385272366562
ABid,32,0,7.9099435982670245,7.9099435982670245,13.0,13.0,1999.9059897680359,1999.9059897680359
ABid,32,1,17.0,17.0,17.0,17.0,1999.984933476449,1999.984933476449
ABid,32,2,26.0,26.0,26.0,26.0,1999.937380992145,1999.937380992145
ABid,32,3,6.220909882403044,6.220909882403044,12.0,12.0,1999.9823365401312,1999.9823365401312
ABid,40,0,7.461737635483618,7.461737635483618,22.0,22.0,3399.8248457493287,3399.8248457493287
ABid,40,1,18.919184007035643,18.919184007035643,30.0,30.0,3399.955171876792,3399.955171876792
ABid,40,2,12.315886233613963,12.315886233613963,26.0,26.0,3399.9278201036414,3399.9278201036414
ABid,40,3,6.489435561261924,6.489435561261924,21.0,21.0,3399.9144506613275,3399.9144506613275
OnlineLP,0,0,36.0,36.0,36.0,36.0,2863.3108998409207,2863.3108998409207
OnlineLP,0,1,0.5696464247808565,0.5696464247808565,1.0,1.0,132.49433570287462,132.49433570287462
OnlineLP,0,2,52.0,52.0,52.0,52.0,2899.9523943355275,2899.9523943355275
OnlineLP,0,3,29.0,29.0,29.0,29.0,2423.5754953331893,2423.5754953331893
OnlineLP,8,0,56.0,56.0,56.0,56.0,3892.340945011897,3892.340945011897
OnlineLP,8,1,50.02027619044207,50.02027619044207,60.0,60.0,4599.936885619951,4599.936885619951
OnlineLP,8,2,2.2462300065019867,2.2462300065019867,14.0,14.0,2446.600055647703,2446.600055647703
OnlineLP,8,3,32.56133926746463,32.56133926746463,52.0,52.0,4599.937445735212,4599.937445735212
OnlineLP,16,0,23.0,23.0,23.0,23.0,1961.9366812486562,1961.9366812486562
OnlineLP,16,1,23.0,23.0,23.0,23.0,1999.9116003989514,1999.9116003989514
OnlineLP,16,2,18.0,18.0,18.0,18.0,1879.8111745769331,1879.8111745769331
OnlineLP,16,3,35.0,35.0,35.0,35.0,1999.9701888369764,1999.9701888369764
OnlineLP,24,0,23.0,23.0,23.0,23.0,1999.9786424165507,1999.9786424165507
OnlineLP,24,1,14.746202144977703,14.746202144977703,16.0,16.0,1999.9591656917378,1999.9591656917378
OnlineLP,24,2,6.702070799069586,6.702070799069586,12.0,12.0,1926.8531151900465,1926.8531151900465
OnlineLP,24,3,5.0,5.0,5.0,5.0,551.0756598443688,551.0756598443688
OnlineLP,32,0,21.0,21.0,21.0,21.0,1881.4336522395472,1881.4336522395472
OnlineLP,32,1,29.0,29.0,29.0,29.0,1999.9715140859282,1999.9715140859282
OnlineLP,32,2,8.0,8.0,8.0,8.0,738.2839793041588,738.2839793041588
OnlineLP,32,3,22.0,22.0,22.0,22.0,1999.9204718085061,1999.9204718085061
OnlineLP,40,0,4.380985080168195,4.380985080168195,9.0,9.0,1160.9683666900105,1160.9683666900105
OnlineLP,40,1,35.49221284486152,35.49221284486152,37.0,37.0,3399.9971804686907,3399.9971804686907
OnlineLP,40,2,27.54025747778306,27.54025747778306,34.0,34.0,3399.984106427732,3399.984106427732
OnlineLP,40,3,7.900453743933785,7.900453743933785,22.0,22.0,3304.0796896363167,3304.0796896363167
