run_id,strategy,player_index,rep,spec_name,github_version,head_commit,created_at,status,score
R510323a19b-p00,ABid,0,REP002,check_rule_based,0536c690ef17edb6931655160fe3033bc2aac44e,d19c6560fa0c9d13a7a593e458fbb6925c648555,2026-10-08T13:11:20,ok,0.0019109588449759101
R510323a19b-p01,ABid,1,REP002,eval_rule_based,0536c690ef17edb6931655160fe3033bc2aac44e,23b21534d2941c65b33994176564c70024f934f4,2026-10-08T14:22:48,ok,0.0037673776607076532
R510323a19b-p02,ABid,2,REP002,eval_rule_based,0536c690ef17edb6931655160fe3033bc2aac44e,23b21534d2941c65b33994176564c70024f934f4,2026-10-08T14:23:07,ok,0.0029273555435536595
R510323a19b-p03,ABid,3,REP002,eval_rule_based,0536c690ef17edb6931655160fe3033bc2aac44e,23b21534d2941c65b33994176564c70024f934f4,2026-10-08T14:23:08,ok,0.0019436441890984437
R510323a19b-p04,ABid,4,REP002,eval_rule_based,0536c690ef17edb6931655160fe3033bc2aac44e,23b21534d2941c65b33994176564c70024f934f4,2026-10-08T14:25:16,ok,0.002614755431386213
R510323a19b-p05,ABid,5,REP002,eval_rule_based,0536c690ef17edb6931655160fe3033bc2aac44e,23b21534d2941c65b33994176564c70024f934f4,2026-10-08T14:25:21,ok,0.002014855476307221
R510323a19b-p06,ABid,6,REP002,eval_rule_based,0536c690ef17edb6931655160fe3033bc2aac44e,23b21534d2941c65b33994176564c70024f934f4,2026-10-08T14:25:24,ok,0.0016898479276391228
R510323a19b-p07,ABid,7,REP002,eval_rule_based,0536c690ef17edb6931655160fe3033bc2aac44e,23b21534d2941c65b33994176564c70024f934f4,2026-10-08T14:25:25,ok,0.005629160798208149
R510323a19b-p08,ABid,8,REP002,eval_rule_based,0536c690ef17edb6931655160fe3033bc2aac44e,23b21534d2941c65b33994176564c70024f934f4,2026-10-08T14:25:30,ok,0.00459349734613808
R510323a19b-p09,ABid,9,REP002,eval_rule_based,0536c690ef17edb6931655160fe3033bc2aac44e,23b21534d2941c65b33994176564c70024f934f4,2026-10-08T14:25:49,ok,0.0021311724948459513
R510323a19b-p10,ABid,10,REP002,eval_rule_based,0536c690ef17edb6931655160fe3033bc2aac44e,23b21534d2941c65b33994176564c70024f934f4,2026-10-08T14:25:53,ok,0.0022506487128196332
R510323a19b-p11,ABid,11,REP002,eval_rule_based,0536c690ef17edb6931655160fe3033bc2aac44e,23b21534d2941c65b33994176564c70024f934f4,2026-10-08T14:28:03,ok,0.0028604750074483825
R510323a19b-p12,ABid,12,REP002,eval_rule_based,0536c690ef17edb6931655160fe3033bc2aac44e,23b21534d2941c65b33994176564c70024f934f4,2026-10-08T14:28:05,ok,0.002470411724395937
R510323a19b-p13,ABid,13,REP002,eval_rule_based,0536c690ef17edb6931655160fe3033bc2aac44e,23b21534d2941c65b33994176564c70024f934f4,2026-10-08T14:28:08,ok,0.004073068603938434
R510323a19b-p14,ABid,14,REP002,eval_rule_based,0536c690ef17edb6931655160fe3033bc2aac44e,23b21534d2941c65b33994176564c70024f934f4,2026-10-08T14:28:11,ok,0.005565074200227161
R510323a19b-p15,ABid,15,REP002,eval_rule_based,0536c690ef17edb6931655160fe3033bc2aac44e,23b21534d2941c65b33994176564c70024f934f4,2026-10-08T14:28:14,ok,0.003102885638567403
R510323a19b-p16,ABid,16,REP002,eval_rule_based,0536c690ef17edb6931655160fe3033bc2aac44e,23b21534d2941c65b33994176564c70024f934f4,2026-10-08T14:28:33,ok,0.0020675811685983026
R510323a19b-p17,ABid,17,REP002,eval_rule_based,0536c690ef17edb6931655160fe3033bc2aac44e,23b21534d2941c65b33994176564c70024f934f4,2026-10-08T14:28:42,ok,0.004693786186838849
R510323a19b-p18,ABid,18,REP002,eval_rule_based,0536c690ef17edb6931655160fe3033bc2aac44e,23b21534d2941c65b33994176564c70024f934f4,2026-10-08T14:30:50,ok,0.002219663133203865
R510323a19b-p19,ABid,19,REP002,eval_rule_based,0536c690ef17edb6931655160fe3033bc2aac44e,23b21534d2941c65b33994176564c70024f934f4,2026-10-08T14:30:53,ok,0.0024798247054969367
R510323a19b-p20,ABid,20,REP002,eval_rule_based,0536c690ef17edb6931655160fe3033bc2aac44e,23b21534d2941c65b33994176564c70024f934f4,2026-10-08T14:30:53,ok,0.0028353157003486755
R510323a19b-p21,ABid,21,REP002,eval_rule_based,0536c690ef17edb6931655160fe3033bc2aac44e,23b21534d2941c65b33994176564c70024f934f4,2026-10-08T14:30:53,ok,0.0026379020703624274
R510323a19b-p22,ABid,22,REP002,eval_rule_based,0536c690ef17edb6931655160fe3033bc2aac44e,23b21534d2941c65b33994176564c70024f934f4,2026-10-08T14:30:55,ok,0.005964396958893803
R510323a19b-p23,ABid,23,REP002,eval_rule_based,0536c690ef17edb6931655160fe3033bc2aac44e,23b21534d2941c65b33994176564c70024f934f4,2026-10-08T14:31:28,ok,0.0051525626794074
R510323a19b-p24,ABid,24,REP002,check_rule_based,0536c690ef17edb6931655160fe3033bc2aac44e,d19c6560fa0c9d13a7a593e458fbb6925c648555,2026-10-08T13:11:20,ok,0.0007308334688974256
R510323a19b-p25,ABid,25,REP002,eval_rule_based,0536c690ef17edb6931655160fe3033bc2aac44e,23b21534d2941c65b33994176564c70024f934f4,2026-10-08T14:31:32,ok,0.004523936994015883
R510323a19b-p26,ABid,26,REP002,eval_rule_based,0536c690ef17edb6931655160fe3033bc2aac44e,23b21534d2941c65b33994176564c70024f934f4,2026-10-08T14:33:40,ok,0.002470160897427107
R510323a19b-p27,ABid,27,REP002,eval_rule_based,0536c690ef17edb6931655160fe3033bc2aac44e,23b21534d2941c65b33994176564c70024f934f4,2026-10-08T14:33:42,ok,0.0028568886523543014
R510323a19b-p28,ABid,28,REP002,eval_rule_based,0536c690ef17edb6931655160fe3033bc2aac44e,23b21534d2941c65b33994176564c70024f934f4,2026-10-08T14:33:42,ok,0.003490457598602537
R510323a19b-p29,ABid,29,REP002,eval_rule_based,0536c690ef17edb6931655160fe3033bc2aac44e,23b21534d2941c65b33994176564c70024f934f4,2026-10-08T14:33:43,ok,0.002630035681883379
R510323a19b-p30,ABid,30,REP002,eval_rule_based,0536c690ef17edb6931655160fe3033bc2aac44e,23b21534d2941c65b33994176564c70024f934f4,2026-10-08T14:33:43,ok,0.0022749974181608523
R510323a19b-p31,ABid,31,REP002,eval_rule_based,0536c690ef17edb6931655160fe3033bc2aac44e,23b21534d2941c65b33994176564c70024f934f4,2026-10-08T14:34:12,ok,0.004791450848157263
R510323a19b-p32,ABid,32,REP002,eval_rule_based,0536c690ef17edb6931655160fe3033bc2aac44e,23b21534d2941c65b33994176564c70024f934f4,2026-10-08T14:34:16,ok,0.002856542674033503
R510323a19b-p33,ABid,33,REP002,eval_rule_based,0536c690ef17edb6931655160fe3033bc2aac44e,23b21534d2941c65b33994176564c70024f934f4,2026-10-08T14:36:18,ok,0.004554021060617057
R510323a19b-p34,ABid,34,REP002,eval_rule_based,0536c690ef17edb6931655160fe3033bc2aac44e,23b21534d2941c65b33994176564c70024f934f4,2026-10-08T14:36:21,ok,0.006280447637889478
R510323a19b-p35,ABid,35,REP002,eval_rule_based,0536c690ef17edb6931655160fe3033bc2aac44e,23b21534d2941c65b33994176564c70024f934f4,2026-10-08T14:36:22,ok,0.006308778123303887
R510323a19b-p36,ABid,36,REP002,eval_rule_based,0536c690ef17edb6931655160fe3033bc2aac44e,23b21534d2941c65b33994176564c70024f934f4,2026-10-08T14:36:22,ok,0.004258864690276992
R510323a19b-p37,ABid,37,REP002,eval_rule_based,0536c690ef17edb6931655160fe3033bc2aac44e,23b21534d2941c65b33994176564c70024f934f4,2026-10-08T14:36:23,ok,0.002373028415036434
R510323a19b-p38,ABid,38,REP002,eval_rule_based,0536c690ef17edb6931655160fe3033bc2aac44e,23b21534d2941c65b33994176564c70024f934f4,2026-10-08T14:36:49,ok,0.005266446371001572
R510323a19b-p39,ABid,39,REP002,eval_rule_based,0536c690ef17edb6931655160fe3033bc2aac44e,23b21534d2941c65b33994176564c70024f934f4,2026-10-08T14:36:55,ok,0.0021923851186482976
R510323a19b-p40,ABid,40,REP002,eval_rule_based,0536c690ef17edb6931655160fe3033bc2aac44e,23b21534d2941c65b33994176564c70024f934f4,2026-10-08T14:38:50,ok,0.0022593121718697574
R510323a19b-p41,ABid,41,REP002,eval_rule_based,0536c690ef17edb6931655160fe3033bc2aac44e,23b21534d2941c65b33994176564c70024f934f4,2026-10-08T14:39:01,ok,0.0035595840404306143
R510323a19b-p42,ABid,42,REP002,eval_rule_based,0536c690ef17edb6931655160fe3033bc2aac44e,23b21534d2941c65b33994176564c70024f934f4,2026-10-08T14:39:01,ok,0.0026927364473844397
R510323a19b-p43,ABid,43,REP002,eval_rule_based,0536c690ef17edb6931655160fe3033bc2aac44e,23b21534d2941c65b33994176564c70024f934f4,2026-10-08T14:39:01,ok,0.005009272286942006
R510323a19b-p44,ABid,44,REP002,eval_rule_based,0536c690ef17edb6931655160fe3033bc2aac44e,23b21534d2941c65b33994176564c70024f934f4,2026-10-08T14:39:02,ok,0.004324034134645076
R510323a19b-p45,ABid,45,REP002,eval_rule_based,0536c690ef17edb6931655160fe3033bc2aac44e,23b21534d2941c65b33994176564c70024f934f4,2026-10-08T14:39:21,ok,0.005470897732390383
R510323a19b-p46,ABid,46,REP002,eval_rule_based,0536c690ef17edb6931655160fe3033bc2aac44e,23b21534d2941c65b33994176564c70024f934f4,2026-10-08T14:39:31,ok,0.002925382114879543
R510323a19b-p47,ABid,47,REP002,eval_rule_based,0536c690ef17edb6931655160fe3033bc2aac44e,23b21534d2941c65b33994176564c70024f934f4,2026-10-08T14:41:31,ok,0.0022578502056834013
Rb62e6ea215-p00,OnlineLP,0,REP002,check_rule_based,0536c690ef17edb6931655160fe3033bc2aac44e,d19c6560fa0c9d13a7a593e458fbb6925c648555,2026-10-08T13:11:20,ok,0.005878482321239043
Rb62e6ea215-p01,OnlineLP,1,REP002,eval_rule_based,0536c690ef17edb6931655160fe3033bc2aac44e,23b21534d2941c65b33994176564c70024f934f4,2026-10-08T14:41:31,ok,0.0037456292033932457
Rb62e6ea215-p02,OnlineLP,2,REP002,eval_rule_based,0536c690ef17edb6931655160fe3033bc2aac44e,23b21534d2941c65b33994176564c70024f934f4,2026-10-08T14:41:40,ok,0.005730234643339813
Rb62e6ea215-p03,OnlineLP,3,REP002,eval_rule_based,0536c690ef17edb6931655160fe3033bc2aac44e,23b21534d2941c65b33994176564c70024f934f4,2026-10-08T14:41:40,ok,0.0012561747457909452
Rb62e6ea215-p04,OnlineLP,4,REP002,eval_rule_based,0536c690ef17edb6931655160fe3033bc2aac44e,23b21534d2941c65b33994176564c70024f934f4,2026-10-08T14:41:43,ok,0.0027334094547295227
Rb62e6ea215-p05,OnlineLP,5,REP002,eval_rule_based,0536c690ef17edb6931655160fe3033bc2aac44e,23b21534d2941c65b33994176564c70024f934f4,2026-10-08T14:41:59,ok,0.002562093094177227
Rb62e6ea215-p06,OnlineLP,6,REP002,eval_rule_based,0536c690ef17edb6931655160fe3033bc2aac44e,23b21534d2941c65b33994176564c70024f934f4,2026-10-08T14:42:14,ok,0.0037794492389310393
Rb62e6ea215-p07,OnlineLP,7,REP002,eval_rule_based,0536c690ef17edb6931655160fe3033bc2aac44e,23b21534d2941c65b33994176564c70024f934f4,2026-10-08T14:44:08,ok,0.0079
Rb62e6ea215-p08,OnlineLP,8,REP002,eval_rule_based,0536c690ef17edb6931655160fe3033bc2aac44e,23b21534d2941c65b33994176564c70024f934f4,2026-10-08T14:44:10,ok,0.0070413922732204355
Rb62e6ea215-p09,OnlineLP,9,REP002,eval_rule_based,0536c690ef17edb6931655160fe3033bc2aac44e,23b21534d2941c65b33994176564c70024f934f4,2026-10-08T14:44:11,ok,0.006
Rb62e6ea215-p10,OnlineLP,10,REP002,eval_rule_based,0536c690ef17edb6931655160fe3033bc2aac44e,23b21534d2941c65b33994176564c70024f934f4,2026-10-08T14:44:16,ok,0.0046
Rb62e6ea215-p11,OnlineLP,11,REP002,eval_rule_based,0536c690ef17edb6931655160fe3033bc2aac44e,23b21534d2941c65b33994176564c70024f934f4,2026-10-08T14:44:20,ok,0.00485
Rb62e6ea215-p12,OnlineLP,12,REP002,eval_rule_based,0536c690ef17edb6931655160fe3033bc2aac44e,23b21534d2941c65b33994176564c70024f934f4,2026-10-08T14:44:35,ok,0.0036
Rb62e6ea215-p13,OnlineLP,13,REP002,eval_rule_based,0536c690ef17edb6931655160fe3033bc2aac44e,23b21534d2941c65b33994176564c70024f934f4,2026-10-08T14:44:51,ok,0.00665
Rb62e6ea215-p14,OnlineLP,14,REP002,eval_rule_based,0536c690ef17edb6931655160fe3033bc2aac44e,23b21534d2941c65b33994176564c70024f934f4,2026-10-08T14:46:44,ok,0.006579330902612139
Rb62e6ea215-p15,OnlineLP,15,REP002,eval_rule_based,0536c690ef17edb6931655160fe3033bc2aac44e,23b21534d2941c65b33994176564c70024f934f4,2026-10-08T14:46:46,ok,0.005945544184579156
Rb62e6ea215-p16,OnlineLP,16,REP002,eval_rule_based,0536c690ef17edb6931655160fe3033bc2aac44e,23b21534d2941c65b33994176564c70024f934f4,2026-10-08T14:46:46,ok,0.00495
Rb62e6ea215-p17,OnlineLP,17,REP002,eval_rule_based,0536c690ef17edb6931655160fe3033bc2aac44e,23b21534d2941c65b33994176564c70024f934f4,2026-10-08T14:46:52,ok,0.006017020322133594
Rb62e6ea215-p18,OnlineLP,18,REP002,eval_rule_based,0536c690ef17edb6931655160fe3033bc2aac44e,23b21534d2941c65b33994176564c70024f934f4,2026-10-08T14:46:54,ok,0.00545
Rb62e6ea215-p19,OnlineLP,19,REP002,eval_rule_based,0536c690ef17edb6931655160fe3033bc2aac44e,23b21534d2941c65b33994176564c70024f934f4,2026-10-08T14:47:12,ok,0.00725
Rb62e6ea215-p20,OnlineLP,20,REP002,eval_rule_based,0536c690ef17edb6931655160fe3033bc2aac44e,23b21534d2941c65b33994176564c70024f934f4,2026-10-08T14:47:27,ok,0.0036866927853946613
Rb62e6ea215-p21,OnlineLP,21,REP002,eval_rule_based,0536c690ef17edb6931655160fe3033bc2aac44e,23b21534d2941c65b33994176564c70024f934f4,2026-10-08T14:49:18,ok,0.00525
Rb62e6ea215-p22,OnlineLP,22,REP002,eval_rule_based,0536c690ef17edb6931655160fe3033bc2aac44e,23b21534d2941c65b33994176564c70024f934f4,2026-10-08T14:49:22,ok,0.004879306944176013
Rb62e6ea215-p23,OnlineLP,23,REP002,eval_rule_based,0536c690ef17edb6931655160fe3033bc2aac44e,23b21534d2941c65b33994176564c70024f934f4,2026-10-08T14:49:24,ok,0.007408114409298322
Rb62e6ea215-p24,OnlineLP,24,REP002,check_rule_based,0536c690ef17edb6931655160fe3033bc2aac44e,d19c6560fa0c9d13a7a593e458fbb6925c648555,2026-10-08T13:11:20,ok,0.0024724136472023643
Rb62e6ea215-p25,OnlineLP,25,REP002,eval_rule_based,0536c690ef17edb6931655160fe3033bc2aac44e,23b21534d2941c65b33994176564c70024f934f4,2026-10-08T14:49:28,ok,0.0051706944515929505
Rb62e6ea215-p26,OnlineLP,26,REP002,eval_rule_based,0536c690ef17edb6931655160fe3033bc2aac44e,23b21534d2941c65b33994176564c70024f934f4,2026-10-08T14:49:28,ok,0.005897021269565712
Rb62e6ea215-p27,OnlineLP,27,REP002,eval_rule_based,0536c690ef17edb6931655160fe3033bc2aac44e,23b21534d2941c65b33994176564c70024f934f4,2026-10-08T14:49:46,ok,0.0030329132344918642
Rb62e6ea215-p28,OnlineLP,28,REP002,eval_rule_based,0536c690ef17edb6931655160fe3033bc2aac44e,23b21534d2941c65b33994176564c70024f934f4,2026-10-08T14:50:05,ok,0.00625
Rb62e6ea215-p29,OnlineLP,29,REP002,eval_rule_based,0536c690ef17edb6931655160fe3033bc2aac44e,23b21534d2941c65b33994176564c70024f934f4,2026-10-08T14:51:52,ok,0.00419847269864278
Rb62e6ea215-p30,OnlineLP,30,REP002,eval_rule_based,0536c690ef17edb6931655160fe3033bc2aac44e,23b21534d2941c65b33994176564c70024f934f4,2026-10-08T14:51:55,ok,0.0029630278311152786
Rb62e6ea215-p31,OnlineLP,31,REP002,eval_rule_based,0536c690ef17edb6931655160fe3033bc2aac44e,23b21534d2941c65b33994176564c70024f934f4,2026-10-08T14:51:56,ok,0.007534316173894955
Rb62e6ea215-p32,OnlineLP,32,REP002,eval_rule_based,0536c690ef17edb6931655160fe3033bc2aac44e,23b21534d2941c65b33994176564c70024f934f4,2026-10-08T14:51:57,ok,0.004
Rb62e6ea215-p33,OnlineLP,33,REP002,eval_rule_based,0536c690ef17edb6931655160fe3033bc2aac44e,23b21534d2941c65b33994176564c70024f934f4,2026-10-08T14:52:03,ok,0.008182803933722801
Rb62e6ea215-p34,OnlineLP,34,REP002,eval_rule_based,0536c690ef17edb6931655160fe3033bc2aac44e,23b21534d2941c65b33994176564c70024f934f4,2026-10-08T14:52:29,ok,0.006333305193780414
Rb62e6ea215-p35,OnlineLP,35,REP002,eval_rule_based,0536c690ef17edb6931655160fe3033bc2aac44e,23b21534d2941c65b33994176564c70024f934f4,2026-10-08T14:52:41,ok,0.009718901952375885
Rb62e6ea215-p36,OnlineLP,36,REP002,eval_rule_based,0536c690ef17edb6931655160fe3033bc2aac44e,23b21534d2941c65b33994176564c70024f934f4,2026-10-08T14:54:25,ok,0.006505574865419672
Rb62e6ea215-p37,OnlineLP,37,REP002,eval_rule_based,0536c690ef17edb6931655160fe3033bc2aac44e,23b21534d2941c65b33994176564c70024f934f4,2026-10-08T14:54:33,ok,0.0033268868777604566
Rb62e6ea215-p38,OnlineLP,38,REP002,eval_rule_based,0536c690ef17edb6931655160fe3033bc2aac44e,23b21534d2941c65b33994176564c70024f934f4,2026-10-08T14:54:34,ok,0.005939524401499048
Rb62e6ea215-p39,OnlineLP,39,REP002,eval_rule_based,0536c690ef17edb6931655160fe3033bc2aac44e,23b21534d2941c65b33994176564c70024f934f4,2026-10-08T14:54:34,ok,0.0047
Rb62e6ea215-p40,OnlineLP,40,REP002,eval_rule_based,0536c690ef17edb6931655160fe3033bc2aac44e,23b21534d2941c65b33994176564c70024f934f4,2026-10-08T14:54:37,ok,0.0037656954573373276
Rb62e6ea215-p41,OnlineLP,41,REP002,eval_rule_based,0536c690ef17edb6931655160fe3033bc2aac44e,23b21534d2941c65b33994176564c70024f934f4,2026-10-08T14:55:03,ok,0.004828808830299094
Rb62e6ea215-p42,OnlineLP,42,REP002,eval_rule_based,0536c690ef17edb6931655160fe3033bc2aac44e,23b21534d2941c65b33994176564c70024f934f4,2026-10-08T14:55:13,ok,0.00575
Rb62e6ea215-p43,OnlineLP,43,REP002,eval_rule_based,0536c690ef17edb6931655160fe3033bc2aac44e,23b21534d2941c65b33994176564c70024f934f4,2026-10-08T14:57:01,ok,0.0036728883381156644
Rb62e6ea215-p44,OnlineLP,44,REP002,eval_rule_based,0536c690ef17edb6931655160fe3033bc2aac44e,23b21534d2941c65b33994176564c70024f934f4,2026-10-08T14:57:08,ok,0.0036701599421505903
Rb62e6ea215-p45,OnlineLP,45,REP002,eval_rule_based,0536c690ef17edb6931655160fe3033bc2aac44e,23b21534d2941c65b33994176564c70024f934f4,2026-10-08T14:57:08,ok,0.005206115552729643
Rb62e6ea215-p46,OnlineLP,46,REP002,eval_rule_based,0536c690ef17edb6931655160fe3033bc2aac44e,23b21534d2941c65b33994176564c70024f934f4,2026-10-08T14:57:11,ok,0.004190488465315189
Rb62e6ea215-p47,OnlineLP,47,REP002,eval_rule_based,0536c690ef17edb6931655160fe3033bc2aac44e,23b21534d2941c65b33994176564c70024f934f4,2026-10-08T14:57:13,ok,0.00575
R3dfebb718c-p00,PID,0,REP002,check_rule_based,0536c690ef17edb6931655160fe3033bc2aac44e,d19c6560fa0c9d13a7a593e458fbb6925c648555,2026-10-08T13:11:20,ok,0.004516917397752195
R3dfebb718c-p01,PID,1,REP002,eval_rule_based,0536c690ef17edb6931655160fe3033bc2aac44e,23b21534d2941c65b33994176564c70024f934f4,2026-10-08T14:06:25,ok,0.0008225022723138047
R3dfebb718c-p02,PID,2,REP002,eval_rule_based,0536c690ef17edb6931655160fe3033bc2aac44e,23b21534d2941c65b33994176564c70024f934f4,2026-10-08T14:06:25,ok,0.0009527875720781328
R3dfebb718c-p03,PID,3,REP002,eval_rule_based,0536c690ef17edb6931655160fe3033bc2aac44e,23b21534d2941c65b33994176564c70024f934f4,2026-10-08T14:06:25,ok,0.0010436636954106312
R3dfebb718c-p04,PID,4,REP002,eval_rule_based,0536c690ef17edb6931655160fe3033bc2aac44e,23b21534d2941c65b33994176564c70024f934f4,2026-10-08T14:06:25,ok,0.0023357965726669818
R3dfebb718c-p05,PID,5,REP002,eval_rule_based,0536c690ef17edb6931655160fe3033bc2aac44e,23b21534d2941c65b33994176564c70024f934f4,2026-10-08T14:06:25,ok,0.002129430344268478
R3dfebb718c-p06,PID,6,REP002,eval_rule_based,0536c690ef17edb6931655160fe3033bc2aac44e,23b21534d2941c65b33994176564c70024f934f4,2026-10-08T14:06:25,ok,0.0017748605436295947
R3dfebb718c-p07,PID,7,REP002,eval_rule_based,0536c690ef17edb6931655160fe3033bc2aac44e,23b21534d2941c65b33994176564c70024f934f4,2026-10-08T14:06:25,ok,0.0022569874480487554
R3dfebb718c-p08,PID,8,REP002,eval_rule_based,0536c690ef17edb6931655160fe3033bc2aac44e,23b21534d2941c65b33994176564c70024f934f4,2026-10-08T14:09:18,ok,0.003772986476782625
R3dfebb718c-p09,PID,9,REP002,eval_rule_based,0536c690ef17edb6931655160fe3033bc2aac44e,23b21534d2941c65b33994176564c70024f934f4,2026-10-08T14:09:18,ok,0.0038224640442146587
R3dfebb718c-p10,PID,10,REP002,eval_rule_based,0536c690ef17edb6931655160fe3033bc2aac44e,23b21534d2941c65b33994176564c70024f934f4,2026-10-08T14:09:20,ok,0.004136263065413074
R3dfebb718c-p11,PID,11,REP002,eval_rule_based,0536c690ef17edb6931655160fe3033bc2aac44e,23b21534d2941c65b33994176564c70024f934f4,2026-10-08T14:09:21,ok,0.0036421176665022053
R3dfebb718c-p12,PID,12,REP002,eval_rule_based,0536c690ef17edb6931655160fe3033bc2aac44e,23b21534d2941c65b33994176564c70024f934f4,2026-10-08T14:09:22,ok,0.0020244730505431506
R3dfebb718c-p13,PID,13,REP002,eval_rule_based,0536c690ef17edb6931655160fe3033bc2aac44e,23b21534d2941c65b33994176564c70024f934f4,2026-10-08T14:09:25,ok,0.004578132326555052
R3dfebb718c-p14,PID,14,REP002,eval_rule_based,0536c690ef17edb6931655160fe3033bc2aac44e,23b21534d2941c65b33994176564c70024f934f4,2026-10-08T14:09:28,ok,0.0034390406134307016
R3dfebb718c-p15,PID,15,REP002,eval_rule_based,0536c690ef17edb6931655160fe3033bc2aac44e,23b21534d2941c65b33994176564c70024f934f4,2026-10-08T14:12:02,ok,0.0012554138336673697
R3dfebb718c-p16,PID,16,REP002,eval_rule_based,0536c690ef17edb6931655160fe3033bc2aac44e,23b21534d2941c65b33994176564c70024f934f4,2026-10-08T14:12:07,ok,0.0028947859940108155
R3dfebb718c-p17,PID,17,REP002,eval_rule_based,0536c690ef17edb6931655160fe3033bc2aac44e,23b21534d2941c65b33994176564c70024f934f4,2026-10-08T14:12:08,ok,0.0018094667701559657
R3dfebb718c-p18,PID,18,REP002,eval_rule_based,0536c690ef17edb6931655160fe3033bc2aac44e,23b21534d2941c65b33994176564c70024f934f4,2026-10-08T14:12:08,ok,0.00368051855969087
R3dfebb718c-p19,PID,19,REP002,eval_rule_based,0536c690ef17edb6931655160fe3033bc2aac44e,23b21534d2941c65b33994176564c70024f934f4,2026-10-08T14:12:11,ok,0.0023573689473999292
R3dfebb718c-p20,PID,20,REP002,eval_rule_based,0536c690ef17edb6931655160fe3033bc2aac44e,23b21534d2941c65b33994176564c70024f934f4,2026-10-08T14:12:17,ok,0.001525675245098175
R3dfebb718c-p21,PID,21,REP002,eval_rule_based,0536c690ef17edb6931655160fe3033bc2aac44e,23b21534d2941c65b33994176564c70024f934f4,2026-10-08T14:12:18,ok,0.003138985397496196
R3dfebb718c-p22,PID,22,REP002,eval_rule_based,0536c690ef17edb6931655160fe3033bc2aac44e,23b21534d2941c65b33994176564c70024f934f4,2026-10-08T14:14:40,ok,0.0019479263741466262
R3dfebb718c-p23,PID,23,REP002,eval_rule_based,0536c690ef17edb6931655160fe3033bc2aac44e,23b21534d2941c65b33994176564c70024f934f4,2026-10-08T14:14:42,ok,0.0014665945399550697
R3dfebb718c-p24,PID,24,REP002,check_rule_based,0536c690ef17edb6931655160fe3033bc2aac44e,d19c6560fa0c9d13a7a593e458fbb6925c648555,2026-10-08T13:11:20,ok,0.001269200347177825
R3dfebb718c-p25,PID,25,REP002,eval_rule_based,0536c690ef17edb6931655160fe3033bc2aac44e,23b21534d2941c65b33994176564c70024f934f4,2026-10-08T14:14:43,ok,0.0011799949023513355
R3dfebb718c-p26,PID,26,REP002,eval_rule_based,0536c690ef17edb6931655160fe3033bc2aac44e,23b21534d2941c65b33994176564c70024f934f4,2026-10-08T14:14:45,ok,0.0022312922068486304
R3dfebb718c-p27,PID,27,REP002,eval_rule_based,0536c690ef17edb6931655160fe3033bc2aac44e,23b21534d2941c65b33994176564c70024f934f4,2026-10-08T14:14:51,ok,0.0008842739599324724
R3dfebb718c-p28,PID,28,REP002,eval_rule_based,0536c690ef17edb6931655160fe3033bc2aac44e,23b21534d2941c65b33994176564c70024f934f4,2026-10-08T14:14:54,ok,0.0012399581141469636
R3dfebb718c-p29,PID,29,REP002,eval_rule_based,0536c690ef17edb6931655160fe3033bc2aac44e,23b21534d2941c65b33994176564c70024f934f4,2026-10-08T14:14:55,ok,0.0018348458862022074
R3dfebb718c-p30,PID,30,REP002,eval_rule_based,0536c690ef17edb6931655160fe3033bc2aac44e,23b21534d2941c65b33994176564c70024f934f4,2026-10-08T14:17:11,ok,0.0025722936555635056
R3dfebb718c-p31,PID,31,REP002,eval_rule_based,0536c690ef17edb6931655160fe3033bc2aac44e,23b21534d2941c65b33994176564c70024f934f4,2026-10-08T14:17:16,ok,0.0031221276900965135
R3dfebb718c-p32,PID,32,REP002,eval_rule_based,0536c690ef17edb6931655160fe3033bc2aac44e,23b21534d2941c65b33994176564c70024f934f4,2026-10-08T14:17:18,ok,0.004
R3dfebb718c-p33,PID,33,REP002,eval_rule_based,0536c690ef17edb6931655160fe3033bc2aac44e,23b21534d2941c65b33994176564c70024f934f4,2026-10-08T14:17:19,ok,0.005259303190788657
R3dfebb718c-p34,PID,34,REP002,eval_rule_based,0536c690ef17edb6931655160fe3033bc2aac44e,23b21534d2941c65b33994176564c70024f934f4,2026-10-08T14:17:28,ok,0.00411136185945657
R3dfebb718c-p35,PID,35,REP002,eval_rule_based,0536c690ef17edb6931655160fe3033bc2aac44e,23b21534d2941c65b33994176564c70024f934f4,2026-10-08T14:17:32,ok,0.005786933481141976
R3dfebb718c-p36,PID,36,REP002,eval_rule_based,0536c690ef17edb6931655160fe3033bc2aac44e,23b21534d2941c65b33994176564c70024f934f4,2026-10-08T14:17:35,ok,0.0019761510188291004
R3dfebb718c-p37,PID,37,REP002,eval_rule_based,0536c690ef17edb6931655160fe3033bc2aac44e,23b21534d2941c65b33994176564c70024f934f4,2026-10-08T14:19:54,ok,0.0031620400765780482
R3dfebb718c-p38,PID,38,REP002,eval_rule_based,0536c690ef17edb6931655160fe3033bc2aac44e,23b21534d2941c65b33994176564c70024f934f4,2026-10-08T14:20:00,ok,0.002414333656975047
R3dfebb718c-p39,PID,39,REP002,eval_rule_based,0536c690ef17edb6931655160fe3033bc2aac44e,23b21534d2941c65b33994176564c70024f934f4,2026-10-08T14:20:01,ok,0.0035009984616806585
R3dfebb718c-p40,PID,40,REP002,eval_rule_based,0536c690ef17edb6931655160fe3033bc2aac44e,23b21534d2941c65b33994176564c70024f934f4,2026-10-08T14:20:02,ok,0.002087804043721604
R3dfebb718c-p41,PID,41,REP002,eval_rule_based,0536c690ef17edb6931655160fe3033bc2aac44e,23b21534d2941c65b33994176564c70024f934f4,2026-10-08T14:20:09,ok,0.0033519652058658003
R3dfebb718c-p42,PID,42,REP002,eval_rule_based,0536c690ef17edb6931655160fe3033bc2aac44e,23b21534d2941c65b33994176564c70024f934f4,2026-10-08T14:20:18,ok,0.003566456553643226
R3dfebb718c-p43,PID,43,REP002,eval_rule_based,0536c690ef17edb6931655160fe3033bc2aac44e,23b21534d2941c65b33994176564c70024f934f4,2026-10-08T14:20:19,ok,0.0019183801623846716
R3dfebb718c-p44,PID,44,REP002,eval_rule_based,0536c690ef17edb6931655160fe3033bc2aac44e,23b21534d2941c65b33994176564c70024f934f4,2026-10-08T14:22:38,ok,0.0017787226513534407
R3dfebb718c-p45,PID,45,REP002,eval_rule_based,0536c690ef17edb6931655160fe3033bc2aac44e,23b21534d2941c65b33994176564c70024f934f4,2026-10-08T14:22:44,ok,0.0033005530106419733
R3dfebb718c-p46,PID,46,REP002,eval_rule_based,0536c690ef17edb6931655160fe3033bc2aac44e,23b21534d2941c65b33994176564c70024f934f4,2026-10-08T14:22:44,ok,0.003063378108566275
R3dfebb718c-p47,PID,47,REP002,eval_rule_based,0536c690ef17edb6931655160fe3033bc2aac44e,23b21534d2941c65b33994176564c70024f934f4,2026-10-08T14:22:47,ok,0.0035769508791514367
