tick,PID,ABid,OnlineLP,others_median,n_won_median_PID,n_won_median_ABid,n_won_median_OnlineLP
0,14.999999999996934,116.57655453706153,76.21880126520514,67.63667702540428,0.0,1998.5,82.5
1,17.99999999999205,116.74923226721963,75.84056752304869,80.70058441157352,0.0,260.0,0.0
2,21.599999999988377,117.49739372081925,75.7964002785007,81.54741683671094,0.0,101.0,0.0
3,25.91999999997481,117.08439463253711,75.79700742487728,82.10167694081551,0.0,45.0,0.0
4,31.103999999972423,116.39720226800719,75.79816495201888,81.26621627799224,0.0,59.5,0.0
5,37.324799999952496,117.0862513306978,75.7981649519878,80.29666415230777,0.0,42.0,0.0
6,44.789759999944465,119.31857525770766,75.7530456094414,80.02509321446963,0.0,48.5,0.0
7,53.747711999924306,114.61789953228119,75.70095047174726,80.26976013176161,0.0,60.5,0.0
8,64.49725439993318,116.65711717495822,75.65588957776673,81.21983718862296,0.0,127.5,0.0
9,77.39670527993063,114.6203763024578,75.67084172464584,81.6137956176226,0.0,160.0,0.0
10,92.87604633596197,115.62663744462046,75.68377340884669,89.78943252560583,9.0,350.5,1.0
11,111.45125560314156,112.2818124241659,75.73057287994625,89.99999999995374,44.0,398.5,0.0
12,133.74150672378283,113.09514383659231,75.84584687114327,89.99999999998408,218.0,555.0,1.0
13,160.48980806847464,108.52217082142883,75.30791344047562,91.63234710691067,305.0,483.5,0.0
14,160.48980806858077,101.29376625320005,75.7004267041921,90.45736312864442,553.0,417.5,1.0
15,134.8114387775912,98.45172917466677,76.49579938100628,92.2330818176041,546.5,371.5,2.5
16,134.81143877761832,94.94899698909649,76.89324851740082,92.51608657834826,903.5,390.5,1.0
17,113.24160857319407,90.31677447587464,76.74764741994673,91.73612213134092,758.5,345.0,6.0
18,113.24160857316951,83.75117481182589,77.03705243913994,90.07939529418226,549.0,288.5,21.5
19,95.12295120148528,81.20586360555436,77.3398540475446,90.36005020141027,355.5,161.0,42.0
20,95.12295120148957,74.12462479979399,77.42161358920188,89.99999999998673,606.5,82.5,148.5
21,94.74547917290715,69.16043282566395,79.05259310778104,89.9999999999818,430.5,36.5,286.5
22,95.50344300629129,55.93004909023193,80.67246143338372,89.99999999999056,439.0,6.5,498.0
23,79.90327900925021,0.0,83.39358759249069,89.66724151746614,488.0,0.0,776.0
24,80.542505241311,0.0,85.64517202023501,89.99999999998198,3.0,0.0,2.0
25,95.88393481108643,0.0,85.71541503348266,90.03316497796371,35.5,0.0,2.5
26,96.65100628957644,0.0,85.83903496664877,92.62342452997223,176.0,0.0,6.5
27,96.65100628957717,0.0,86.36675806679037,91.53252410886623,109.5,0.0,6.0
28,115.98120754743906,0.0,86.73140453646606,91.17409515378881,214.0,0.0,5.5
29,115.98120754749348,0.0,87.58872918981538,91.20599746695623,276.0,0.0,3.0
30,116.90905720786498,0.0,89.57517294626763,90.16505432127177,494.5,0.0,9.0
31,116.90905720786625,0.0,89.99999999989305,89.55982465120638,664.5,0.0,17.5
32,113.80664600674197,0.0,89.99999999996358,89.65934753414157,439.0,0.0,16.0
33,88.86914971216561,0.0,89.99999999995595,84.09266779414892,156.0,0.0,34.0
34,85.90837740318943,0.0,89.999999999936,81.97036652542313,95.0,0.0,80.0
35,82.49103076586474,0.0,88.89987616766777,79.47332382200752,26.0,0.0,81.5
36,81.8363400455101,0.0,88.95605345315317,82.49103076587221,94.5,0.0,106.0
37,82.49103076587465,0.0,88.97877351510643,81.27806410603168,122.0,0.0,77.5
38,83.15095901200411,0.0,89.74732811075864,82.17651580116612,225.0,0.0,108.0
39,69.8468055700861,0.0,89.94285461355258,82.59447860714613,179.5,0.0,144.0
40,69.84680557008879,0.0,89.99999999998144,79.79637769711081,12.0,0.0,57.0
41,58.2056713084074,0.0,89.99999999995813,78.18089675902236,10.5,0.0,143.0
42,48.8927638990621,0.0,88.72809239767693,70.78291702269877,7.0,0.0,343.0
43,41.06992167521243,0.0,89.9999999999871,63.548067888402336,5.0,0.0,539.5
44,25.73669771505574,0.0,86.86275672307704,59.37475585937019,0.0,0.0,409.0
45,0.0,0.0,81.53655352695014,59.99999999998544,0.0,0.0,183.0
46,0.0,0.0,79.9999999999627,59.99999999998512,0.0,0.0,71.0
47,0.0,0.0,69.99999999998197,48.847821230205454,0.0,0.0,27.0
