player_index,episode,PID,ABid,OnlineLP
0,0,16.437864708064566,16.4383527752453,36.0
0,1,13.001273868240714,2.6125010313321644,0.5696464247808565
0,2,40.0,8.155880195209988,52.0
0,3,20.899209378738625,11.012442897730752,29.0
1,0,4.787267251395732,28.143666587787575,12.396085850655576
1,1,3.580042326874274,5.718384108543016,8.0
1,2,2.3981852815540186,8.485502517822473,30.516498217209342
1,3,5.684550586452065,33.0,24.0
2,0,3.0376441165795094,26.81342290756433,53.0
2,1,4.421723644122051,7.845286802271288,0.6046928667962613
2,2,1.977313032365084,17.715113659441094,37.0
2,3,9.619070648496013,6.173287501796471,24.0
3,0,10.697807445722558,5.764780719817906,10.713287933003755
3,1,1.5536410725948673,12.25164064522637,0.0
3,2,7.090399481673261,8.604898410584806,14.410206982815147
3,3,1.5314259082219364,12.25156400633979,0.0
4,0,2.16007047157533,14.166978297878718,30.204826824256738
4,1,4.218780077604014,3.1688804042617433,1.9004880949856675
4,2,19.609676761360152,21.970760198521454,17.74884527622055
4,3,20.727404142800136,12.988489727062346,4.8140288991275
5,0,3.0802711240046166,5.623554160945089,16.0
5,1,4.2252469770658,3.0801536717916758,3.1686768898710884
5,2,26.0,20.0,32.0
5,3,9.283088784299144,11.593401693407651,0.07318499367344701
6,0,5.921142605881069,9.402754791224265,32.0
6,1,1.1753531854922068,11.564804217765813,4.58898477862078
6,2,16.835609182367335,3.426657352939768,17.0
6,3,11.565105898851284,9.402742190852607,22.0
7,0,4.838555553804292,24.37630740066248,48.0
7,1,14.453155865791388,12.742093469388879,8.0
7,2,10.283487101640326,26.46481509411162,61.0
7,3,15.564550439739111,49.0,41.0
8,0,21.882576670231803,32.962903306917205,56.0
8,1,15.960206985851707,34.47627427294423,50.02027619044207
8,2,6.898683045285056,1.8899369514453663,2.2462300065019867
8,3,30.71826283428393,22.540832391454796,32.56133926746463
9,0,17.0,16.0,43.0
9,1,24.0,14.260510168799378,31.0
9,2,1.4492808842931713,9.28262847037075,6.0
9,3,34.0,3.0803112577489045,40.0
10,0,10.205317404515792,8.748766582074724,13.0
10,1,15.519943903745679,5.22480770838499,29.0
10,2,29.0,15.51985027432791,21.0
10,3,28.0,15.51954969160504,29.0
11,0,15.028637242635153,3.7861811995923524,28.0
11,1,26.0,15.028517284815287,37.0
11,2,4.813716087408947,7.394801664560012,0.0
11,3,27.0,31.0,32.0
12,0,2.4981404983062103,26.0,6.0
12,1,11.564672129238238,11.56555637108744,21.0
12,2,3.4266483833185624,5.921155939648748,24.0
12,3,23.0,5.921522177182551,21.0
13,0,11.71859881307435,21.144132520379724,38.0
13,1,31.56202902018229,28.694788674297286,43.0
13,2,1.282018697844394,26.00505037567645,12.0
13,3,47.0,5.617400508415214,40.0
14,0,39.89742791506101,61.0,64.67396368669054
14,1,4.753433246020895,15.531213999042999,18.77293741060282
14,2,5.357946015088836,2.0006475121177107,0.1492193494140569
14,3,18.772005092443287,32.76962249338252,47.99049760553536
15,0,6.562419310955983,6.049115312985614,6.951469262969859
15,1,2.202530331637439,16.01941575148674,47.0
15,2,1.824893222752639,12.752576624825576,15.95941442861326
15,3,14.518433808001333,27.236605082050136,49.0
16,0,7.301256349236275,2.1632501133432585,23.0
16,1,21.0,16.0,23.0
16,2,11.594463530980036,11.5942546563668,18.0
16,3,18.0,11.594118602255989,35.0
17,0,4.179681739595375,26.464606839203967,34.0
17,1,18.77693260298657,10.07497778758948,1.34040644267188
17,2,1.7633395645309868,28.668318634314968,24.0
17,3,11.469381496006383,28.667820475668574,61.0
18,0,12.282667803679288,4.320389892929041,25.0
18,1,25.0,20.0,35.0
18,2,3.3277033901381055,5.4925365723254735,3.0
18,3,33.0,14.580336198822781,46.0
19,0,10.974441976955283,9.40928290770924,52.0
19,1,21.43462317588303,14.606342916166742,27.0
19,2,3.7642347840306236,10.97394369822186,27.0
19,3,10.974079011129653,14.606924587840902,39.0
20,0,4.915843011167645,8.975393651362088,6.0
20,1,8.975200233176427,25.110205010678506,14.656846950787669
20,2,3.4525081290620045,7.806015401210571,21.380678972170774
20,3,13.169953528557427,14.81469994372234,31.696329784934786
21,0,26.0,19.0,43.0
21,1,16.399279240262377,16.04259918963627,13.0
21,2,2.380428709661544,16.043598597386264,20.0
21,3,18.0,1.6718436202260105,29.0
22,0,10.98199351265012,54.0,31.778900837701084
22,1,6.831662748489277,1.9348193307689119,0.5698714252622303
22,2,5.015037338713527,26.877576255132517,29.942704652053454
22,3,16.129833883079602,36.475543591974635,35.29466196850349
23,0,5.737734776040838,13.600086647158648,59.0
23,1,6.399347430712366,28.373421689376613,21.789307869572408
23,2,11.457099200551612,40.98702571597041,39.0
23,3,5.737709391796576,20.090719535642343,28.372980316394024
24,0,0.45003650203775947,3.60014871967659,23.0
24,1,1.8432271349005336,4.791723073282914,14.746202144977703
24,2,8.343997807948039,2.6245762727691173,6.702070799069586
24,3,14.746745498670167,3.600221312219892,5.0
25,0,5.281350450573172,16.475259359980406,17.0
25,1,5.6152325047373495,22.692956808578142,20.649411937925578
25,2,5.120097382245744,23.428885570734465,27.764477093933444
25,3,7.583217709470443,27.881638141024638,38.0
26,0,9.271796633192048,8.064327745182966,33.0
26,1,19.115751279536365,13.605667487330269,25.940425391314257
26,2,6.966175121649894,17.138725033642885,37.0
26,3,9.2721211025943,10.59449768238602,22.0
27,0,1.3328111512669047,0.751286465831324,0.7751676296506589
27,1,7.324602397266987,33.91102693558635,38.14468089850783
27,2,5.694032195577475,19.704567696841792,21.0
27,3,3.33403345453808,2.7708919488265695,0.738416161678791
28,0,4.1553903888078345,9.849643677904051,32.0
28,1,3.3784451971901897,14.979837767558674,34.0
28,2,13.109968517544676,30.0,34.0
28,3,4.155358179396571,14.979670526588022,25.0
29,0,3.181427085744189,8.066880115476488,21.0
29,1,13.939380305352381,11.743478764695226,39.0
29,2,16.394613408979403,23.0,23.0
29,3,3.181496923968173,9.79035475749587,0.969453972855606
30,0,9.282669411465516,9.28263643839071,19.0
30,1,24.0,11.59342124788772,20.0
30,2,16.0,19.0,14.260556622305572
30,3,2.163203699804592,5.623890676938614,6.0
31,0,2.4540312300603464,31.175948254882236,50.0
31,1,46.53505711447347,35.84459667893242,61.0
31,2,8.97288678099079,15.12178455899638,26.0
31,3,4.480578676405671,13.686687470334238,13.686323477899098
32,0,19.0,7.9099435982670245,21.0
32,1,19.0,17.0,29.0
32,2,23.0,26.0,8.0
32,3,19.0,6.220909882403044,22.0
33,0,32.8796585084436,30.14139051450706,66.0
33,1,49.0,42.0,46.0
33,2,16.20431685632097,16.834724012318283,10.656078674456007
33,3,7.102088451008588,2.1043066855157897,41.0
34,0,12.897492073696002,10.609447337864909,14.789415291703905
34,1,19.674691633898288,34.79351399420558,48.2792849042023
34,2,43.620010499658136,61.87313399430543,36.23124374294257
34,3,6.035042981878978,18.332857431413647,27.366159936759505
35,0,21.7740825373504,25.723887715712564,78.0
35,1,64.0,51.0,68.0
35,2,18.816296488134828,27.677349389334836,8.0
35,3,11.148290597354311,21.774325361030353,40.37803904751772
36,0,3.7642344395317107,14.607069970896434,58.0
36,1,28.0,18.963228501908155,40.0
36,2,4.744950954067523,14.606995332735243,2.111497308393448
36,3,3.013834982982771,37.0,30.0
37,0,2.980398200054339,13.48061257166083,2.299219758763961
37,1,26.0,9.26038694097985,30.0
37,2,25.0,13.48013237166404,23.0
37,3,9.260403331506625,11.239436416423963,11.238517796445176
38,0,11.475241148335511,26.217568631775563,62.14329664478018
38,1,19.58921662225346,34.19583842403045,35.67485931420958
38,2,14.920571105474894,13.915520364225427,9.972332070991202
38,3,2.301644263437076,31.0,11.0
39,0,21.0,9.282348309398179,19.0
39,1,29.0,9.28275390943484,43.0
39,2,12.718784566041048,16.0,11.0
39,3,7.301184667572113,9.28260015413293,21.0
40,0,0.9902065599451781,7.461737635483618,4.380985080168195
40,1,18.919209280547836,18.919184007035643,35.49221284486152
40,2,14.385577768823294,12.315886233613963,27.54025747778306
40,3,7.461087265115772,6.489435561261924,7.900453743933785
41,0,17.06959753152328,31.0,27.0
41,1,4.805988284745693,9.767609342861464,17.326130415101783
41,2,30.0,1.4240714657508198,22.250046190880088
41,3,15.163718301047028,29.0,30.0
42,0,18.29926942832211,23.0,35.0
42,1,24.0,11.238008889917989,28.0
42,2,13.340380144959594,13.340204403884341,28.0
42,3,15.68948149958281,6.276515653886458,24.0
43,0,6.3537451092065,5.788910187221122,5.6651717095565
43,1,4.6324810708602575,47.592146483651675,44.79259505275679
43,2,12.416911987992002,26.0,7.0
43,3,14.96446507963467,20.80438906796732,16.0
44,0,2.160021477300534,6.14802845755904,1.9531624400685084
44,1,16.2226166313706,28.936920103076503,37.23962106825759
44,2,11.57641279252302,28.19766568450757,14.82764357890499
44,3,5.615402125874656,23.198068447758416,19.38277175578071
45,0,24.08579198782999,43.45619127955257,49.06156389838627
45,1,18.33309495025745,38.96396443565362,34.79332228664122
45,2,11.226650054986058,14.829101841939552,8.618270305561818
45,3,12.365523219765969,12.168697090661924,11.649154564003563
46,0,8.008114382130897,25.0,7.80976930630378
46,1,22.0,20.0,32.0
46,2,14.259447789194601,9.282508792085192,20.0
46,3,17.0,4.225133505505671,24.0
47,0,14.296321444991964,4.560794603045938,19.0
47,1,14.036335542528898,14.035093960487554,36.0
47,2,15.206360595507865,4.561115550134537,24.0
47,3,28.0,22.0,36.0
