algo,step_num,n_seeds,alpha_mean,alpha_mean_min,alpha_mean_max,alpha_std_over_states,seed_diff,step_diff_to_last,step_diff_max_later,share_le0,share_le0_max,share_ge99,corr_to_logged,rmse_to_logged,settled_from_here
BC,100,3,5.270369887193044,5.1996425807476045,5.371674373149872,0.4207903260227274,0.11468786160151163,80.09695034059013,80.09695034059013,0.0,0.0,0.0,0.5056926262279555,91.60711320798174,False
BC,300,3,70.1691628227234,69.33514729499817,71.01884951591492,7.639176421348832,1.123077662150065,29.649231387298556,29.649231387298556,0.0,0.0,0.0006666666666666666,0.5113772516338315,48.91280329431796,False
BC,1000,3,84.11434038798014,83.24566995429993,84.88111580657959,18.049727593179014,1.0963479220072427,20.74587783098345,20.74587783098345,0.0,0.0,0.08666666666666667,0.6166565098875488,42.44262885137585,False
BC,3000,3,84.76289074403421,84.14427771377564,85.29247149653361,36.787472140590495,1.672009476058185,15.061238072698316,15.061238072698316,0.0026666666666666666,0.0055,0.29333333333333333,0.7120700774401744,35.987167893541574,False
BC,10000,3,84.36730823930601,82.8578248878736,86.90430333858728,41.08669656620253,2.9002183911117414,9.284174027622987,9.284174027622987,0.016833333333333336,0.0255,0.30083333333333334,0.7986525570762814,30.902076799779536,False
BC,20000,3,83.45609610974105,82.59841064116918,84.43160467749834,43.46977360221528,1.7669895516186953,6.307342528286701,6.307342528286701,0.031,0.0395,0.28850000000000003,0.8280484132305294,28.72281130170123,False
BC,30000,3,83.1125452064042,80.9907463337779,84.88349115786026,44.325691958736456,3.0395960324858318,4.943440997748557,4.943440997748557,0.04649999999999999,0.0625,0.29050000000000004,0.8410826517159758,27.742311351573367,True
BC,50000,3,84.76352126010134,83.43111048315465,85.65094054836035,45.24507331761955,2.6692959779898326,0.0,0.0,0.04933333333333333,0.0625,0.3441666666666667,0.8717061370564165,25.251873701857253,True
IQL,100,3,0.14291322111959257,0.1420315778180957,0.1440528875365853,0.015206844270853568,0.0013624008695284527,83.5310138448129,85.75159751598164,0.0,0.0,0.0,0.40150457671789835,96.02437201142806,False
IQL,300,3,0.7855633367200693,0.7846987821161747,0.786005712389946,0.06351164860317143,0.001043834964434306,82.93017345259464,85.10894740038117,0.0,0.0,0.0,0.5278073393831432,95.46593832079647,False
IQL,1000,3,1.9020473769307138,1.892196294248104,1.912358988583088,0.15622874602061954,0.013501165628433226,81.90703226380423,83.99246336017053,0.0,0.0,0.0,0.538747431389566,94.49675481258168,False
IQL,3000,3,12.829291797637941,12.083620107650756,13.328667726039887,1.2390812226247938,0.8300317455927532,72.69344367995734,73.06572794405618,0.0,0.0,0.0,0.5059011710185356,85.18185191800937,False
IQL,10000,3,85.89451073710124,85.44483806943893,86.13285619306565,29.105701936476873,0.6737087926864623,14.218042328664412,14.218042328664412,0.0,0.0,0.28933333333333333,0.6887964996308762,37.74683621285019,False
IQL,20000,3,84.06815723193189,83.40436115802825,84.55597105324269,38.44710105686199,1.0645042771100999,7.843958946596831,7.843958946596831,0.013666666666666667,0.014,0.28833333333333333,0.7630109764507614,33.095247285487034,False
IQL,30000,3,84.23850679737701,83.21793494638801,85.12239818955213,40.41520437097315,1.637959361081322,4.242040911716719,4.242040911716719,0.0155,0.022,0.32066666666666666,0.7978294831824058,30.900250878774187,True
IQL,50000,3,83.6667961926572,82.96915324428305,84.53889300418645,43.43459515420796,1.9931790009339652,0.0,0.0,0.030333333333333337,0.0425,0.31416666666666665,0.819927604017621,29.346337059963165,True
CQL,100,3,-0.7697546595831711,-0.8715605995953083,-0.6673436416983605,0.0542660733671744,0.13614463859796525,73.44584342170755,102.14260137423874,1.0,1.0,0.0,-0.42973088601110315,96.81430127715339,False
CQL,300,3,5.036917185902595,4.255582677364349,6.007916811704636,0.488455691987071,1.1682227562268575,67.63917157622178,96.33592952875296,0.0,0.0,0.0,0.4836258886454128,91.78935323905138,False
CQL,1000,3,52.49081425476074,51.07624741172791,55.04150897216797,5.392847074478946,2.6437001190185545,21.750452276388803,48.882032459894816,0.0,0.0,0.0,0.48374586692245863,56.65957037631776,False
CQL,3000,3,86.64162551371255,85.4500590209961,88.51432902908326,6.565524827477464,2.0428466720581056,18.043587316672006,25.40180339876811,0.0,0.0,0.043666666666666666,0.45786769970771707,48.670925286336455,False
CQL,10000,3,91.46223952611287,86.81108001136779,98.03026769256591,22.029078879554266,7.48853705851237,25.31121703418096,25.31121703418096,0.0,0.0,0.36433333333333334,0.49318009492215764,45.914110949277735,False
CQL,20000,3,101.37284671465555,99.8126068611145,103.29198058128355,29.344353082456777,4.526041151682536,32.318674863338465,32.318674863338465,0.0,0.0,0.6211666666666665,0.5437068794655221,47.282718707773085,False
CQL,30000,3,91.27141691652935,88.97458752632141,93.78551386070252,27.440555025451598,3.498485094706217,20.98583939886093,20.98583939886093,0.0,0.0,0.3025,0.6520800327721258,40.439210469838976,False
CQL,50000,3,72.67608876212438,70.45733101892472,74.4518232164383,17.946460817688926,5.483219148953755,0.0,0.0,0.0,0.0,0.07233333333333333,0.33319768541332667,48.74768758969871,False
BCQ,100,3,58.69147336769104,2.4685437626838684,100.0,20.987522027792114,65.3736460913817,41.30852663230896,41.30852663230896,0.023333333333333334,0.07,0.57,0.2074017494702242,67.936378835386,False
BCQ,300,3,75.83820555285614,57.82110728263855,100.0,18.227575658494825,37.69062402002017,24.161794447143873,24.161794447143873,0.0,0.0,0.5603333333333333,0.21102381324857444,58.24699389402594,False
BCQ,1000,3,99.94902210362751,99.84706631088255,100.0,0.16669671344690984,0.10195579274495442,0.05097789637247721,0.05953983434041341,0.0,0.0,0.9778333333333333,0.3759734393368499,54.209973934157695,True
BCQ,3000,3,99.98868802642822,99.96606407928466,100.0,0.13177775072655457,0.022623947143554687,0.011311973571777344,0.011311973571777344,0.0,0.0,0.997,0.1287195218364003,54.266262982101885,True
BCQ,10000,3,100.0,100.0,100.0,0.0,0.0,0.0,0.0,0.0,0.0,1.0,,54.28559305592469,True
BCQ,20000,3,100.0,100.0,100.0,0.0,0.0,0.0,0.0,0.0,0.0,1.0,,54.28559305592469,True
TD3_BC,100,3,17.807680634975437,17.0633574719429,18.220021780967716,1.5398511923127227,1.068381438891093,67.37579126577297,69.63885661099665,0.0,0.0,0.0,0.3934371039519184,81.24651653082309,False
TD3_BC,300,3,84.24503138033549,83.30560216712952,84.74561397361755,10.690164295946545,1.5702261543273925,26.285114792632253,26.285114792632253,0.0,0.0,0.04683333333333334,0.5270723938014329,46.39782705724864,False
TD3_BC,1000,3,83.51918321037293,80.64210410022736,85.76122146320343,29.056019975885167,3.5151925996144606,21.61084357147136,21.61084357147136,0.0,0.0,0.24216666666666664,0.681071814944489,37.91907205692214,False
TD3_BC,3000,3,83.16445864704282,82.63656344032195,84.12689798344859,38.28680515801593,1.651648420749232,17.847440277948355,17.847440277948355,0.006833333333333334,0.0085,0.27016666666666667,0.7519231758302402,33.692164693781685,False
TD3_BC,10000,3,83.68561099337103,79.8296338472478,86.16207811585255,44.14268035568785,4.967057440233727,13.552073364693982,13.552073364693982,0.018833333333333334,0.047,0.30483333333333335,0.8214491977788779,29.423845223210293,False
TD3_BC,20000,3,84.79839420836852,81.98758771118894,88.97978835279122,45.222251215882046,5.18845068122074,12.011919435294034,12.011919435294034,0.021833333333333333,0.045,0.328,0.8455888298800889,27.69737950912211,False
TD3_BC,30000,3,83.35251824087588,79.0671494868258,88.74982231098879,45.078690892587794,6.971608582630753,10.292643452066619,10.292643452066619,0.04533333333333334,0.0645,0.298,0.8699296068386776,25.620512771157664,False
TD3_BC,50000,3,81.93274689471008,79.32877064535302,83.39250443845614,47.35569464271237,4.528173090201492,0.0,0.0,0.042,0.048,0.2766666666666666,0.914922463591556,20.714719011726803,False
