seed,step_num,term_q,term_bc,grad_q_abs_median,grad_bc_abs_median,r,r_mean,q_logits_dim
1,10000,2.364824056625366,899.1928100585938,8.730828994885087e-06,0.013166176155209541,0.000663125654682517,0.0005615545669570565,101
1,20000,2.2010293006896973,802.3621826171875,4.678293407778256e-06,0.014514420181512833,0.0003223203821107745,0.000410152249969542,101
1,30000,2.233588933944702,637.1311645507812,7.29786165720725e-07,0.010606266558170319,6.880707223899662e-05,0.00307087111286819,101
1,50000,2.3289802074432373,425.5067443847656,2.215338099631481e-06,0.008136970922350883,0.0002722558565437794,0.00345799932256341,101
2,10000,2.299152135848999,858.9722290039062,2.7072014745499473e-06,0.013987251557409763,0.00019354777759872377,0.0004208402242511511,101
2,20000,2.1669867038726807,738.615966796875,2.8027645839756588e-06,0.012468826957046986,0.00022478173195850104,0.0013593982439488173,101
2,30000,2.2104995250701904,656.6018676757812,7.665770453968435e-07,0.010962280444800854,6.99286101735197e-05,0.00504600815474987,101
2,50000,2.332390069961548,426.2456359863281,1.0392466265329858e-06,0.007801231928169727,0.00013321571168489754,0.00439723813906312,101
3,10000,2.3876590728759766,839.6528930664062,6.055656740500126e-06,0.012577134184539318,0.00048148143105208874,0.0018248113337904215,101
3,20000,2.2894656658172607,761.1336059570312,1.7997264194491436e-06,0.01229786779731512,0.0001463445951230824,0.002054376294836402,101
3,30000,2.1467220783233643,675.7835693359375,9.305540515924804e-07,0.013263382948935032,7.015962910372764e-05,0.0013619050150737166,101
3,50000,2.2424464225769043,435.5830383300781,6.324855803541141e-07,0.006985275540500879,9.054554539034143e-05,0.004560462664812803,101
