algo,model_seed,model_id,n_cells,score_mean,reward_mean,penalty_mean,budget_ratio_mean,budget_ratio_min,cpa_exceed_share,alpha_eff_mean,alpha_eff_std_over_ticks,alpha_eff_min,alpha_eff_max,dirty
BC,1,M7e2d6b4dcc,24,21.024200704984974,24.416666666666668,0.8938275332304412,0.7295575320686277,0.045893862139576025,0.2916666666666667,87.09247826052854,12.626311368480069,0.0,128.32492065427806,False
BC,2,M5eda353e80,24,21.04753221745907,24.916666666666668,0.8930328615988956,0.7736766102194231,0.060485991049205504,0.4166666666666667,88.85089605786139,13.170067754444043,0.0,128.66964721677854,False
BC,3,Mcc8c39adb7,24,20.952094412332546,25.0,0.8773981001828406,0.8086645211797608,0.08653391751554773,0.3333333333333333,89.13527489011817,14.718887019158112,0.0,134.13121032710296,False
IQL,1,M779b4f7138,24,20.08166791150428,24.25,0.8704797500158014,0.7849955301687804,0.101657640276831,0.4583333333333333,87.92196400690766,13.605141548415569,27.812892913815634,175.78230285634933,False
IQL,2,M812c6f5a18,24,19.470807214925347,24.291666666666668,0.8433163630294742,0.8111767447650426,0.11180781808390786,0.4166666666666667,89.05587673097723,14.069313843401337,23.8375320434547,182.5457611082737,False
IQL,3,M65e12cbdc5,24,19.290605407997457,23.916666666666668,0.8566896027472447,0.8119327006743262,0.10593224495306214,0.4166666666666667,87.6811495040419,15.785657131891794,0.0,176.41664123525524,False
CQL,1,M4c81bbf07d,24,19.085725992399535,22.041666666666668,0.8797498243326566,0.6678940149337961,0.0807469301122447,0.3333333333333333,86.69648605458319,11.253999417823962,0.0,169.87524414058487,False
CQL,2,M46cc6eb883,24,19.237671674305847,23.083333333333332,0.8393407570538648,0.7290935224230869,0.11659058733697628,0.4583333333333333,87.46780576078298,14.059109470592666,0.0,211.58442687983285,False
CQL,3,Mcaa18f834a,24,18.860629155247036,22.083333333333332,0.8737262713013177,0.6771879650118892,0.07949790035651942,0.375,86.05773688096322,12.363203309001532,0.0,202.64131164545998,False
TD3_BC,1,Mbe2ad40790,24,17.993820360599837,20.833333333333332,0.8622376770695634,0.5601842908701333,0.00412565677094689,0.2916666666666667,83.21426104755416,8.113232295979094,29.605125427242452,125.22573852537428,False
TD3_BC,2,M81acfcffa0,24,18.589478350124036,21.958333333333332,0.8646162168717489,0.6356109148616536,0.014529983296020808,0.375,87.09362715983917,9.774245238936315,0.0,133.60858154294917,False
TD3_BC,3,Mf0d5a821d3,24,19.873575437548798,24.583333333333332,0.8495492617990759,0.83873090268354,0.09545000477264451,0.375,91.04724010849402,18.435431648237973,0.0,140.71600341791336,False
