seed,step_num,max_action,max_action_in_spec,actor_max_action,g_train_share_ge99cap,g_train_share_le_minus99cap,g_train_mean,g_train_std_over_states,g_train_corr_to_logged,g_train_pre_tanh_median,g_inf_share_ge99cap,alpha_mean,alpha_std_over_states,alpha_share_ge99cap,alpha_share_le0,alpha_corr_to_logged,alpha_rmse_to_logged,cand_width_median,chosen_is_max_share,chosen_minus_cand_mean,seed_diff,step_diff_to_last
1,100,300.0,300,300.0,0.0,0.0,-0.3563094437122345,14.699478149414062,-0.4527517391858367,-0.020455749705433846,0.0,5.149041353225708,4.9990507449373505,0.0,0.0,-0.07640149385547561,92.1731311267704,100.37328338623047,0.00800000037997961,20.2471981048584,186.5606976407369,141.6727453107834
1,300,300.0,300,300.0,0.0,0.0,-61.47199630737305,12.75733470916748,-0.44441350422088177,-0.16676649451255798,0.0,5.094182633876801,1.6369914532543477,0.0,0.004,-0.04670773858058857,91.92810372856754,223.70230102539062,0.11400000005960464,81.46512603759766,186.96748386859895,141.3229602751732
1,1000,300.0,300,300.0,0.0,0.0,-16.21640968322754,3.6817140579223633,-0.21835267303621966,-0.021724844351410866,0.0,-6.040602679252625,2.5162075074253116,0.0,1.0,-0.08225965569118034,101.45440212881869,75.97187805175781,0.737500011920929,25.21086311340332,204.0270684528351,152.22425842666627
1,3000,300.0,300,300.0,0.006694999989122152,0.0,14.98891544342041,21.82061767578125,-0.42340151545507043,-0.11675393581390381,0.006694999989122152,146.18365574741364,101.59149848593957,0.0,0.0,0.13915621646292212,125.17063780783838,486.05426025390625,0.35199999809265137,144.90097045898438,194.84758690579733,0.0
2,100,300.0,300,300.0,0.11902499943971634,0.0,-21.160669326782227,34.08810043334961,-0.18406417979092515,-0.193716898560524,0.1190899983048439,155.30664696121215,13.616384494271397,0.0,0.0,-0.04260788324114829,91.09345195717485,570.1990966796875,0.0,163.40673828125,186.5606976407369,144.69335303878785
2,300,300.0,300,300.0,0.023964999243617058,0.0,85.24369812011719,30.980119705200195,-0.16425083940066731,0.3941516578197479,0.02405500039458275,15.354511239290238,15.74503067914469,0.0,0.0,0.02015209337361761,84.81410539215368,441.1261901855469,0.0,-83.75550842285156,186.96748386859895,284.6454887607098
2,1000,300.0,300,300.0,1.0,0.0,299.9906005859375,0.02723110467195511,0.3940971941478224,12.490741729736328,1.0,300.0,0.0,1.0,0.0,,224.39168622239336,0.0,1.0,0.0,204.0270684528351,0.0
2,3000,300.0,300,300.0,1.0,0.0,300.0,0.0,,18.470195770263672,1.0,300.0,0.0,1.0,0.0,,224.39168622239336,0.0,1.0,0.0,194.84758690579733,0.0
3,100,300.0,300,300.0,0.5823850035667419,0.0,285.79315185546875,10.028236389160156,0.33076858893237204,2.9921562671661377,0.5845500230789185,284.99008781433105,0.01001237497948116,0.0,0.0,0.3997249918677744,209.80189067519603,48.25633239746094,0.8345000147819519,14.07884693145752,186.5606976407369,264.7472845776081
3,300,300.0,300,300.0,0.5030099749565125,0.0,282.88946533203125,8.639228820800781,0.3559507730703738,2.6734180450439453,0.5037599802017212,284.9908440246582,0.006176033616187736,0.0,0.0,0.4051279549155812,209.8029889122715,51.80595397949219,0.9635000228881836,16.92710304260254,186.96748386859895,264.7480407879353
3,1000,300.0,300,300.0,0.0,0.0,116.2230224609375,9.248868942260742,-0.06297934376226957,0.34726038575172424,0.0,166.9113860168457,72.43142758164528,0.0,0.0,-0.09335831992200429,125.84842859714144,202.71685791015625,0.5460000038146973,36.33753204345703,204.0270684528351,146.78084031033515
3,3000,300.0,300,300.0,0.0,0.0,87.157958984375,15.776942253112793,-0.3846596666450211,0.23312726616859436,0.0,20.242803236722946,37.327543967058915,0.0,0.0,-0.15060029046536483,91.22688072818046,208.01785278320312,0.001500000013038516,-55.00825881958008,194.84758690579733,0.0
