seed,step_num,pi_mean,astar_mean,astar_at_edge_share,astar_at_0_share,astar_at_300_share,dist_pi_astar_median,corr_pi_astar,q_range_over_grid_median,policy_std
1,10000,86.81108093261719,73.90799713134766,0.004000000189989805,0.0,0.004000000189989805,8.549346923828125,0.5083784322992083,3.6456665992736816,2.4908103942871094
1,20000,103.29198455810547,90.27349853515625,0.006000000052154064,0.0,0.006000000052154064,12.426200866699219,0.33842119041319096,5.696746826171875,6.0351996421813965
1,30000,88.97459411621094,90.69300079345703,0.04100000113248825,0.035999998450279236,0.004999999888241291,10.438880920410156,0.6097630976321377,5.189426422119141,12.119004249572754
1,50000,70.45733642578125,37.6245002746582,0.17649999260902405,0.17649999260902405,0.0,25.50774383544922,0.2910975032250386,4.478691101074219,5.748559474945068
2,10000,98.0302734375,89.01100158691406,0.0010000000474974513,0.0,0.0010000000474974513,4.547088623046875,0.6192688389994783,3.7977561950683594,2.490466833114624
2,20000,101.01395416259766,61.13650131225586,0.0,0.0,0.0,13.881702423095703,-0.12672940066524752,5.493849754333496,6.031628608703613
2,30000,93.78550720214844,98.13300323486328,0.04899999871850014,0.0364999994635582,0.012500000186264515,9.9124755859375,0.7960881567858413,5.524707794189453,11.870091438293457
2,50000,74.45182037353516,58.015499114990234,0.10999999940395355,0.10999999940395355,0.0,7.625465393066406,0.36770636812507557,3.764760971069336,6.199948310852051
3,10000,89.54536437988281,85.81400299072266,0.001500000013038516,0.0,0.001500000013038516,5.71832275390625,0.8407990655905045,3.8560729026794434,2.4905879497528076
3,20000,99.81261444091797,117.52549743652344,0.012500000186264515,0.0,0.012500000186264515,21.779037475585938,0.7516288007212323,6.311295509338379,6.031183242797852
3,30000,91.05414581298828,62.301998138427734,0.05050000175833702,0.04650000110268593,0.004000000189989805,21.82312774658203,0.42974025703046337,5.036495208740234,12.13947582244873
3,50000,73.11911010742188,54.29050064086914,0.16699999570846558,0.16699999570846558,0.0,9.533248901367188,0.251534789061365,4.027203559875488,5.570801734924316
