seed,step_num,g_train_share_ge99,g_train_mean,g_train_std_over_states,g_train_corr_to_logged,g_inf_share_ge99,g_inf_mean,g_inf_pre_tanh_median,h1_share_outside_half,cand_width_median,chosen_mean,chosen_is_max_share,recompute_check
1,100,0.3877750039100647,95.47503662109375,3.1536431312561035,0.4414502833734901,0.38892000913619995,95.4982681274414,2.333533763885498,0.0015253199962899089,4.730621337890625,100.0,1.0,0.0
1,300,1.0,99.99468231201172,0.016423989087343216,0.40737572584526405,1.0,99.99468994140625,9.85064697265625,0.0027545143384486437,0.0,100.0,1.0,0.0
1,1000,1.0,100.0,0.0,,1.0,100.0,15.876557350158691,0.005064445547759533,0.0,100.0,1.0,0.0
1,3000,1.0,100.0,0.0,,1.0,100.0,15.876557350158691,0.005064445547759533,0.0,100.0,1.0,0.0
1,10000,1.0,100.0,0.0,,1.0,100.0,15.876557350158691,0.005064445547759533,0.0,100.0,1.0,0.0
1,20000,1.0,100.0,0.0,,1.0,100.0,15.876557350158691,0.005064445547759533,0.0,100.0,1.0,0.0
2,100,0.49136999249458313,79.01611328125,11.837124824523926,0.3655347388538355,0.4918999969959259,79.1144790649414,2.5595929622650146,0.0019451342523097992,45.980648040771484,73.60752868652344,0.7114999890327454,0.0
2,300,0.42057499289512634,87.36031341552734,3.9359099864959717,0.3347731171037295,0.4211049973964691,87.47310638427734,2.0503430366516113,0.0026287001091986895,39.70702362060547,57.820106506347656,0.0,0.0
2,1000,0.9201949834823608,99.72476959228516,0.35127952694892883,0.40136725896587694,0.9212700128555298,99.72943115234375,5.057199001312256,0.003228059969842434,0.0,99.84464263916016,0.8774999976158142,0.0
2,3000,0.9769499897956848,99.88140106201172,0.40675875544548035,0.18827846945052487,0.9772599935531616,99.88452911376953,5.8463921546936035,0.0043996283784508705,0.0,99.96578216552734,0.9890000224113464,0.0
2,10000,1.0,99.9999008178711,0.0005974461091682315,0.22783256885197048,1.0,99.9999008178711,11.228692054748535,0.005717257037758827,0.0,100.0,1.0,0.0
2,20000,1.0,100.0,0.0,,1.0,100.0,68.8983154296875,0.00682700565084815,0.0,100.0,1.0,0.0
3,100,0.0,-51.99567413330078,15.410584449768066,0.12387768408253978,0.0,-51.95045852661133,-1.122002124786377,0.0024835742078721523,125.07795715332031,2.17922043800354,0.07800000160932541,0.0
3,300,0.3813599944114685,61.04922866821289,20.50507926940918,0.340987925134518,0.38207998871803284,61.33639144897461,1.0552619695663452,0.0035069570876657963,84.0157699584961,69.98365020751953,0.6840000152587891,0.0
3,1000,1.0,100.0,0.0,,1.0,100.0,28.86260223388672,0.0058968630619347095,0.0,100.0,1.0,0.0
3,3000,1.0,100.0,0.0,,1.0,100.0,28.857263565063477,0.005895788781344891,0.0,100.0,1.0,0.0
3,10000,1.0,100.0,0.0,,1.0,100.0,36.60127258300781,0.008189214393496513,0.0,100.0,1.0,0.0
3,20000,1.0,100.0,0.0,,1.0,100.0,36.60127258300781,0.008189214393496513,0.0,100.0,1.0,0.0
