period,n_rows,n_pv,n_nan,rl_rows,pvalue_mean,lwc_mean,alpha_mean_median,alpha_tick0_median,cpa_exceed_share,budget_ratio_mean
7,23998848,499976,0,2304,0.00047868244172155383,0.09245907460801273,82.85969854342984,67.7266504751612,0.5416666666666666,0.8450608940798755
8,23998992,499979,0,2304,0.0005423083298904536,0.09351180854616813,76.68857621551689,67.5181391226219,0.4791666666666667,0.8434735537283333
9,23998944,499978,31293,2304,0.0005143382608959745,0.09119355859228459,87.1526017002848,67.52827858794748,0.5416666666666666,0.8042081671286002
10,23998992,499979,0,2304,0.0005200440731224778,0.08915779740508811,75.59477358836386,67.42908120025288,0.4583333333333333,0.8154386008179797
11,23998896,499977,0,2304,0.0004966664352755724,0.08736189325428875,85.88285105159679,67.8068008422966,0.5625,0.7835002828981777
12,23998800,499975,0,2304,0.000549664346216966,0.09213766427816006,76.89368407768492,68.63437652589235,0.5416666666666666,0.8255873072458922
13,23998896,499977,17170,2304,0.0004689552649612351,0.09352918219458892,81.5129613972511,67.67041039336446,0.5833333333333334,0.8243853235549811
14,23998656,499972,0,2304,0.00047783393753946836,0.09135152687416218,80.8635476537697,69.23440170288566,0.5208333333333334,0.80449303658978
15,23999040,499980,0,2304,0.000541627355073238,0.09742543688910645,82.78997368788545,68.48419189453844,0.6041666666666666,0.8519804414584441
16,23998704,499973,0,2304,0.0005057832721576659,0.08672000471259263,79.42692092889314,74.1768467294816,0.3958333333333333,0.7462441747283979
17,23998944,499978,0,2304,0.0005218394203687725,0.08736458452263053,75.13227263392574,75.65450172571005,0.4791666666666667,0.8035583964950251
18,23998800,499975,0,2304,0.0004950861290595109,0.08845749347439089,86.81596291444242,71.33253479004293,0.5,0.8111138554581186
19,23998848,499976,0,2304,0.0005535421195926764,0.08839514196236171,73.74584135823224,70.85229317292652,0.4375,0.7959687150907387
20,23998992,499979,0,2304,0.00046715895216537185,0.08562320172838236,82.9257847045745,69.89225769043347,0.4375,0.7737314889687665
21,23999040,499980,0,2304,0.0004806379228191728,0.09113249594816748,82.1129890009549,67.78773305543402,0.4791666666666667,0.8268255426145182
22,23998848,499976,0,2304,0.0005433037124123994,0.08950217679239392,77.06407982357756,70.0000000000074,0.4583333333333333,0.7958165898032523
23,23999040,499980,0,2304,0.0005210717997700654,0.08598211352151143,81.51244566015048,74.64633098429161,0.5416666666666666,0.7693606556186433
24,23998992,499979,0,2304,0.0005248320236666401,0.0886722518718391,77.08993491818816,71.57738843806928,0.5,0.7929553369290033
25,23998896,499977,0,2304,0.0004977764404364351,0.08332472634974904,79.82267515428612,74.74282836914753,0.4791666666666667,0.7766368465766987
26,23998704,499973,0,2304,0.0005545526721801791,0.09572689083759009,83.67398746062754,69.01155324737863,0.6041666666666666,0.8386543502054219
27,23998992,499979,13690,2304,0.00047041145132043394,0.08365063498078107,79.9148703351128,69.38026046753569,0.6041666666666666,0.7373440398973962
