model_id,algo,variant,step_num,seed,status,train_seconds,loss_all_finite,loss_last10pct_mean,model_sha1,github_dirty,device
M400bd057e1,BC,default,20000,1,ok,56.51390075683594,True,"{""Action_loss"": 1083.9066177113853}",ff977dc19c7a5d2790b7100a42472b0e4beccf71,False,cpu
M11bf0a4860,BC,seed2,20000,2,ok,66.40646958351135,True,"{""Action_loss"": 1084.045081375122}",e8a6433e20ba0fbf4ba2cef93783969526b094fb,False,cpu
M3087314aa5,BC,seed3,20000,3,ok,65.41977453231812,True,"{""Action_loss"": 1098.3808609873452}",ced6945410552e69535f473be2a2f3e019f18114,False,cpu
M13eff9e472,BCQ,default,100,1,ok,57.08683443069458,True,"{""Q_loss"": 1.239977866411209, ""A_loss"": -10.118674087524415}",0c875831efd3e41c46d8e6f12d0c7731fe86bbe6,False,cpu
Meb2c0e2678,BCQ,seed2,100,2,ok,72.73787069320679,True,"{""Q_loss"": 1.914722979068756, ""A_loss"": -11.057790660858155}",89a65978702bf8b2da4e999c138aa13d69adea5b,False,cpu
M99198da64d,BCQ,seed3,100,3,ok,64.6505355834961,True,"{""Q_loss"": 3.2376344203948975, ""A_loss"": -0.0068183570001274065}",73e3d991e2d74c5f9be434ef1f09e148c5c6a50e,False,cpu
Me35020f7d7,CQL,default,100,1,ok,12.986419916152954,True,"{""Q_loss"": 1.2752660632133483, ""V_loss"": 1.318200147151947, ""A_loss"": -1.4213265895843505}",c23237728d8c084fed9fae2078c536a29ac95d19,False,cpu
M0b3a621033,CQL,seed2,100,2,ok,12.795544624328613,True,"{""Q_loss"": 1.3062389492988586, ""V_loss"": 1.3501134634017944, ""A_loss"": -1.414130938053131}",5728145fcca317f5113e6fdfc47c09f18d1166b8,False,cpu
M885b46abd3,CQL,seed3,100,3,ok,16.107698440551758,True,"{""Q_loss"": 1.3022380113601684, ""V_loss"": 1.341057789325714, ""A_loss"": -1.4156955480575562}",7f1099dd207bc2a291ba120349ca31fe39bf95d3,False,cpu
M347c02000f,CQL,steps20000,20000,1,ok,429.31493496894836,True,"{""Q_loss"": 1.3429384470582009, ""V_loss"": 1.3808853288292884, ""A_loss"": -16.17936204814911}",e74875afbcdee8dc3d3fbab409cedf25870f7d98,False,cpu
M6af795a2bc,IQL,default,20000,1,ok,92.78460335731506,True,"{""Q_loss"": 0.004777441783284303, ""V_loss"": 5.772050020459574e-05, ""A_loss"": 44.605167636871336}",947a875707a51163119799fe6ecdafbf876b636f,False,cpu
Md1477890b8,IQL,seed2,20000,2,ok,114.2245147228241,True,"{""Q_loss"": 0.004573524246690795, ""V_loss"": 8.708982082498552e-05, ""A_loss"": 44.68544781208038}",4e8d027f1d90184c6a19c9caf7560abf4a6faf54,False,cpu
Mdd35d06935,IQL,seed3,20000,3,ok,114.62687802314758,True,"{""Q_loss"": 0.005022792243282311, ""V_loss"": 7.42910919325368e-05, ""A_loss"": 44.9845499343872}",d86a0c85c25c69aab61399f6448677adf06595cb,False,cpu
M8764e8d0d8,TD3_BC,default,100,1,ok,12.985493421554565,True,"{""Q_loss"": 0.9752500414848327, ""A_loss"": 8648.27841796875}",8d8ff08c0044444e7e2fb753ac9ece7976ca0de2,False,cpu
M5258d38506,TD3_BC,seed2,100,2,ok,16.81445550918579,True,"{""Q_loss"": 1.1348380744457245, ""A_loss"": 7592.25400390625}",454470489c8dc21216cb8112a2122e8a9c60e108,False,cpu
M47bca44c7f,TD3_BC,seed3,100,3,ok,17.045459747314453,True,"{""Q_loss"": 1.3366254329681397, ""A_loss"": 7778.8677734375}",df7221d7bd02629e4a393786cd385268f30174ac,False,cpu
M6f02d8e724,TD3_BC,steps20000,20000,1,ok,770.5125758647919,True,"{""Q_loss"": 2.0360035298466683, ""A_loss"": 993.848151763916}",5cf02247f4da890cd4927636b62830ca66c7c22d,False,cpu
