strategy,variant,n_cells,score_component_mean,reward_mean,penalty_mean,penalty_lt1_share,budget_ratio_mean,ratio_to_default
ABid,default,24,12.015604728760815,20.75,0.5450859908656996,0.875,0.987076041759614,1.0
PID,default,24,15.451411882870888,23.166666666666668,0.6543456792055017,0.7083333333333334,0.9935717373993636,1.0
OnlineLP,default,24,23.423319749165973,26.541666666666668,0.8452179188701606,0.4166666666666667,0.834563989198469,1.0
BC,bundled,24,16.557145501209376,22.0,0.7155791102642776,0.5416666666666666,0.8625027307021447,0.8085870866887597
BC,default,24,20.476638538728647,23.916666666666668,0.8020574688681515,0.375,0.7725319664999907,1.0
BC,seed2,24,21.174759060101515,24.125,0.8195404987160383,0.3333333333333333,0.7538329178623759,1.03409351198208
BC,seed3,24,20.442430807792928,23.666666666666668,0.8188916403850225,0.4166666666666667,0.7547848915502215,0.9983294264402324
IQL,bundled,24,17.847453951363615,22.083333333333332,0.7539718223655245,0.5416666666666666,0.7889626557974991,0.8381826020170361
IQL,default,24,21.293037947118908,24.291666666666668,0.839984745330873,0.375,0.7235386013119732,1.0
IQL,seed2,24,20.900194418007576,24.083333333333332,0.8336874049221291,0.375,0.7346486696335988,0.9815506115150429
IQL,seed3,24,20.389797908609054,23.5,0.8322708540241033,0.4166666666666667,0.7160178914721603,0.9575804992808897
CQL,bundled,24,17.910637459167756,21.25,0.7859750674936089,0.4166666666666667,0.7295110245477806,inf
CQL,default,24,0.0,0.0,1.0,0.0,0.0,
CQL,seed2,24,0.0,0.0,1.0,0.0,0.0,
CQL,seed3,24,0.0,0.0,1.0,0.0,0.0,
CQL,steps20000,24,18.552699540773958,23.833333333333332,0.7843792840980149,0.4583333333333333,0.8615679610135892,inf
BCQ,bundled,24,23.026981422488927,25.625,0.9015729172006638,0.4166666666666667,0.8126503470973064,1.06277085863715
BCQ,default,24,21.666929644662726,25.541666666666668,0.8339078313829758,0.5416666666666666,0.8590280234765862,1.0
BCQ,seed2,24,21.676602720480194,25.5,0.8350528921597041,0.5416666666666666,0.8589928655030078,1.0004464442344212
BCQ,seed3,24,0.0,0.0,1.0,0.0,0.0,0.0
TD3_BC,bundled,24,19.464996112975772,24.0,0.8141208255593536,0.5,0.854314248234958,inf
TD3_BC,default,24,0.0,0.0,0.875,0.125,0.0003534395228005998,
TD3_BC,seed2,24,0.0,0.0,0.8750000000000023,0.125,0.00020429608356153356,
TD3_BC,seed3,24,0.0,0.0,0.8750000000000001,0.125,0.0002733200514762328,
TD3_BC,steps20000,24,21.471722915157617,25.166666666666668,0.8542541991909599,0.4166666666666667,0.8323183572601067,inf
