step,Q_loss,V_loss,A_loss
0,20.95161247253418,16.285751342773438,-1.4524344205856323
1,15.410602569580078,15.130041122436523,-1.4146472215652466
2,11.622882843017578,10.617904663085938,-1.2682238817214966
3,13.361259460449219,9.429885864257812,-1.4961475133895874
4,8.797080993652344,6.783063888549805,-1.3128188848495483
5,7.296130180358887,5.376835823059082,-1.31349515914917
6,5.128787517547607,3.2369003295898438,-1.3313498497009277
7,4.237310886383057,2.065559148788452,-1.3767389059066772
8,2.790694236755371,2.2621171474456787,-1.4215203523635864
9,2.8228917121887207,2.3056766986846924,-1.2620818614959717
10,2.355595588684082,1.8596830368041992,-1.27925705909729
11,3.0631799697875977,2.124330997467041,-1.4047622680664062
12,3.610748529434204,2.00309681892395,-1.3933387994766235
13,4.031257629394531,2.1589748859405518,-1.2969348430633545
14,3.4387474060058594,1.785308599472046,-1.337776780128479
15,4.021989822387695,1.8473353385925293,-1.409279465675354
16,3.2562742233276367,1.6962502002716064,-1.4795461893081665
17,2.579319953918457,1.528968095779419,-1.2720555067062378
18,2.4130382537841797,1.6221143007278442,-1.3027316331863403
19,2.6164708137512207,2.0920581817626953,-1.2431035041809082
20,2.43588924407959,1.950806736946106,-1.2799371480941772
21,2.391174793243408,1.922059416770935,-1.4066964387893677
22,2.3073039054870605,1.6101820468902588,-1.2247198820114136
23,3.1236519813537598,2.056953191757202,-1.435662865638733
24,2.4538726806640625,1.7103281021118164,-1.387256145477295
25,2.8806567192077637,1.8736830949783325,-1.3928420543670654
26,2.782567262649536,1.8913534879684448,-1.4271719455718994
27,2.284585952758789,1.6783241033554077,-1.2472442388534546
28,1.9048901796340942,1.48565673828125,-1.3765867948532104
29,2.1140832901000977,1.7435524463653564,-1.2375688552856445
30,1.685234785079956,1.476833701133728,-1.3791074752807617
31,1.7868252992630005,1.5015949010849,-1.3863884210586548
32,1.8855267763137817,1.529287338256836,-1.290777564048767
33,2.089064598083496,1.6568849086761475,-1.488095998764038
34,1.899300217628479,1.430816411972046,-1.307183861732483
35,1.6955887079238892,1.4026511907577515,-1.4372334480285645
36,1.8451552391052246,1.4976580142974854,-1.3146088123321533
37,1.6464024782180786,1.4112573862075806,-1.391228199005127
38,1.9122886657714844,1.7190802097320557,-1.4418963193893433
39,1.4934718608856201,1.3502047061920166,-1.3346335887908936
40,2.0651769638061523,1.945810317993164,-1.418794870376587
41,1.6404399871826172,1.439002513885498,-1.3971022367477417
42,1.733903408050537,1.513861894607544,-1.3940829038619995
43,2.0494494438171387,1.8889696598052979,-1.3509182929992676
44,1.931952714920044,1.7258503437042236,-1.433974266052246
45,1.8890079259872437,1.798337459564209,-1.3680437803268433
46,1.468678593635559,1.35145103931427,-1.3774616718292236
47,1.4230455160140991,1.3571281433105469,-1.4344357252120972
48,1.3080923557281494,1.2670202255249023,-1.4459717273712158
49,1.640716791152954,1.5304548740386963,-1.4086620807647705
50,1.6703832149505615,1.5413384437561035,-1.3338629007339478
51,1.5618253946304321,1.44327974319458,-1.4107228517532349
52,1.4182918071746826,1.3381752967834473,-1.2959579229354858
53,1.534247636795044,1.4649993181228638,-1.445379376411438
54,1.4113831520080566,1.381788730621338,-1.3096938133239746
55,1.427996277809143,1.401397705078125,-1.4501577615737915
56,1.3658380508422852,1.2766618728637695,-1.3897616863250732
57,1.41679048538208,1.3402431011199951,-1.440262794494629
58,1.303225040435791,1.3280683755874634,-1.495415449142456
59,1.5785484313964844,1.5619893074035645,-1.3772871494293213
60,1.485887050628662,1.5085973739624023,-1.2813154458999634
61,1.408482313156128,1.4249072074890137,-1.3418346643447876
62,1.39241361618042,1.378589391708374,-1.3335474729537964
63,1.4064900875091553,1.430591106414795,-1.3628689050674438
64,1.3471348285675049,1.3442450761795044,-1.3509024381637573
65,1.4246034622192383,1.414852499961853,-1.3369351625442505
66,1.2949318885803223,1.3051027059555054,-1.375069260597229
67,1.1880468130111694,1.2239246368408203,-1.4491239786148071
68,1.2111433744430542,1.2221990823745728,-1.4287385940551758
69,1.4177967309951782,1.4862008094787598,-1.3228400945663452
70,1.388166904449463,1.4309651851654053,-1.4621233940124512
71,1.4246793985366821,1.4215342998504639,-1.4407905340194702
72,1.1546878814697266,1.17039155960083,-1.4624848365783691
73,1.5859153270721436,1.6244862079620361,-1.4684447050094604
74,1.3900301456451416,1.4015543460845947,-1.3352984189987183
75,1.1661649942398071,1.1913570165634155,-1.3979450464248657
76,1.392845869064331,1.3912122249603271,-1.5207828283309937
77,1.0854463577270508,1.1152098178863525,-1.3837906122207642
78,1.513240933418274,1.5310499668121338,-1.3570321798324585
79,1.4376887083053589,1.4578144550323486,-1.36452054977417
80,1.3975622653961182,1.4058477878570557,-1.5902678966522217
81,1.2089533805847168,1.2273763418197632,-1.3647887706756592
82,1.3852462768554688,1.4094818830490112,-1.5268996953964233
83,1.487808346748352,1.526782751083374,-1.3986258506774902
84,1.4917720556259155,1.5342864990234375,-1.4959782361984253
85,1.157376766204834,1.2104119062423706,-1.4359606504440308
86,1.1772472858428955,1.2029950618743896,-1.4697401523590088
87,1.467509150505066,1.5308165550231934,-1.3984060287475586
88,1.2668676376342773,1.306856393814087,-1.3589667081832886
89,1.134390115737915,1.1563639640808105,-1.2941170930862427
90,1.4400956630706787,1.4387006759643555,-1.5379133224487305
91,1.1944420337677002,1.2681668996810913,-1.347968578338623
92,1.4312574863433838,1.4696722030639648,-1.4070245027542114
93,1.257250428199768,1.3095394372940063,-1.4692635536193848
94,1.2044100761413574,1.2608013153076172,-1.3981907367706299
95,1.3554692268371582,1.3792792558670044,-1.3901547193527222
96,1.2755353450775146,1.3124806880950928,-1.390252709388733
97,1.3743751049041748,1.4038501977920532,-1.3878071308135986
98,1.2186931371688843,1.3188552856445312,-1.4044387340545654
99,1.3108609914779663,1.3397886753082275,-1.4082953929901123
