player_index,episode,ABid,OnlineLP,PID
0,0,20.899864596953485,36.0,16.437863505293706
0,1,2.612500992691923,0.569646422131093,13.001273787683388
0,2,8.155880191557507,52.0,40.0
0,3,11.012442933233848,29.0,20.899208847954654
1,0,28.143666236781968,12.396085764606365,4.787267216260575
1,1,5.718384091779549,8.0,3.5800422939566134
1,2,8.485502400208441,30.516497603753418,2.3981852835591053
1,3,33.0,24.0,5.684550646479886
2,0,26.813423819206772,53.0,3.0376439869563407
2,1,7.845286724050168,0.6046928610943871,4.421723429030532
2,2,17.71511362818106,37.0,1.9773129666202311
2,3,6.173287567605752,24.0,9.61907057449227
3,0,5.764780611187782,10.713287792854091,10.697807551000507
3,1,12.25145005439565,0.0,1.5536410788227055
3,2,8.604898271846276,14.410229094351136,7.090399395411013
3,3,12.251564219350767,0.0,1.5314258998142765
4,0,14.168942302487494,30.20482597122586,2.1600705733244165
4,1,3.1683181502677344,1.9008997954430373,4.2187800907012205
4,2,21.9707601760325,17.748844901862658,19.60974203601046
4,3,11.438476244490364,4.814028774387206,20.72740428059656
5,0,5.623554021920288,16.0,3.080271125588563
5,1,3.0801316830478105,3.168676955994544,4.225246921422286
5,2,20.0,32.0,26.0
5,3,11.593401773347104,0.0731849949555747,9.283088822873419
6,0,9.402638055235172,32.0,5.92114256341897
6,1,11.564804144167834,4.588984853001779,1.1753532106540825
6,2,3.426657305174261,17.0,16.835609422150828
6,3,9.402742189083396,22.0,11.565106617544167
7,0,28.6683903608798,47.0,4.838555515648782
7,1,12.742093372235285,8.0,14.441048601958965
7,2,26.464814696567977,60.0,10.283486920819765
7,3,49.0,41.0,14.10687821616127
8,0,32.96290326332014,56.0,21.882576319479913
8,1,34.476273759844055,50.020275804466664,15.96020683132668
8,2,1.889936960092465,2.2462299630493567,6.898682690758917
8,3,22.54083233276402,32.56133937433993,30.718262974521167
9,0,16.0,43.0,17.0
9,1,14.260509847317346,30.0,24.0
9,2,9.28262843752815,6.0,1.4492808816971534
9,3,3.080311378140472,40.0,34.0
10,0,8.749292769168285,13.0,10.205317357663237
10,1,5.224807687156537,28.0,15.519943767531824
10,2,15.519850005839263,21.0,29.0
10,3,15.51954988002646,29.0,28.0
11,0,3.786181109079709,28.0,15.028637261910518
11,1,15.028516605644434,37.0,26.0
11,2,7.394801685845849,0.0,4.813716130674002
11,3,31.0,32.0,27.0
12,0,26.0,6.0,2.498140508385548
12,1,11.565556154586654,19.0,11.564672040815807
12,2,5.921155881571595,24.0,3.4266483665118557
12,3,5.921522246433849,21.0,23.0
13,0,21.144131850372837,38.0,11.718598863737128
13,1,28.694787532834475,43.0,31.562028923117516
13,2,26.0050505168039,12.0,1.28201868584452
13,3,5.617400657370365,40.0,47.0
14,0,61.0,64.6739623336927,39.89742849105546
14,1,16.566148643635305,18.77268140268884,4.753433253363581
14,2,1.9999503659692377,0.149236037723974,5.357945941129438
14,3,32.769623140609816,47.99049733556649,18.772004843943783
15,0,6.049115210246252,6.95146929263281,6.562419221815129
15,1,16.01941561706802,47.0,2.2025303540075845
15,2,12.752576752683368,15.959414424017616,1.8248932023898723
15,3,27.236994145553805,49.0,14.518433099043996
16,0,2.163250062569096,23.0,7.301256051684931
16,1,16.0,23.0,21.0
16,2,11.594254648023083,18.0,11.594463051860037
16,3,11.594119040471867,35.0,18.0
17,0,26.464607385760054,34.0,4.17968195185208
17,1,10.074977575727294,1.3404064453128142,18.776932598972923
17,2,33.43738117913652,24.0,1.7633395150602091
17,3,28.668351207358075,61.0,11.469381550574136
18,0,4.320389772020647,25.0,12.282667557301153
18,1,20.0,35.0,25.0
18,2,5.492536639639326,3.0,3.3277034246449406
18,3,14.580336208195458,44.0,33.0
19,0,9.409282887974394,52.0,10.974441926398647
19,1,14.606343010043037,27.0,21.434623166171644
19,2,10.97394367382483,27.0,3.7642348328704123
19,3,14.606924286229576,37.0,10.97407896399216
20,0,8.97517699357614,6.0,4.915886700088366
20,1,25.110204652762683,14.65684677047244,8.975200659558979
20,2,7.806015356497256,21.380679142954193,3.4525080404133717
20,3,14.814700170334282,31.69632971060126,13.169952964711907
21,0,19.0,43.0,26.0
21,1,16.042599293681054,13.0,16.399279021513795
21,2,16.043598484504166,20.0,2.3804287465739327
21,3,1.6718436532799454,29.0,18.0
22,0,54.0,31.77887604561517,10.98199364319376
22,1,1.9346295288284114,0.5684010768472099,6.844070693415286
22,2,26.87802993814301,29.942704994127315,5.015037294330365
22,3,36.47554356192676,35.323809225641625,16.12983381480236
23,0,17.291506609126714,60.0,5.737734832340541
23,1,28.373422391486887,21.789307599237464,6.399347381101469
23,2,43.398313742105536,39.0,11.457099287337735
23,3,20.09071887571325,28.372980405455813,5.737709252287958
24,0,3.6001488083865163,23.0,0.4500364910378776
24,1,4.791723042516358,14.746202067271478,1.8432270800966757
24,2,2.624576237036182,6.702070723224362,8.343997877089052
24,3,3.6002214928276817,5.0,14.746745502405446
25,0,16.475259213805366,17.0,5.281358264614435
25,1,22.69975842913128,20.649411523412027,5.615232453179772
25,2,23.428885228635764,27.763230392089614,5.12009732689942
25,3,27.91051779019093,38.0,7.583217624545102
26,0,8.064327801386728,33.0,9.271796678401353
26,1,13.605667464537383,25.940425436848276,19.115227520394658
26,2,17.138725035557453,37.0,6.966175328383001
26,3,10.594498184900198,22.0,9.272121236482814
27,0,0.7512864691965598,0.7751676269412985,1.3328048017849445
27,1,33.91102624707607,38.14468028107443,7.324602311296343
27,2,19.704566947612097,21.0,5.694032207032903
27,3,2.7708919404746206,0.7384161425755926,3.3390526150253574
28,0,9.84964381934039,32.0,4.155390276650597
28,1,14.979624657610662,34.0,3.3784450991780055
28,2,30.0,34.0,13.109968745183133
28,3,14.97967073864569,25.0,4.155358255991814
29,0,8.066879953700655,21.0,3.1814271064752595
29,1,11.743478961949888,39.0,13.939380015431235
29,2,23.0,23.0,16.394612929167202
29,3,9.790354914038637,0.9647903278717356,3.18149689640681
30,0,9.28263635478034,19.0,7.300904070126962
30,1,11.593421104225023,20.0,24.0
30,2,19.0,14.260556449352643,16.0
30,3,5.623890749665695,6.0,2.1632036777131627
31,0,31.17594821772483,50.0,2.454031239812716
31,1,35.84459745480831,61.0,46.53505683351299
31,2,15.121784488796365,26.0,8.977906222731864
31,3,13.686687267026695,13.686323593619491,4.4805786685125755
32,0,7.909943234331482,21.0,19.0
32,1,17.0,29.0,19.0
32,2,26.0,8.0,23.0
32,3,6.220910011046163,22.0,19.0
33,0,30.14139033800582,66.0,32.87965846608982
33,1,42.0,46.0,49.0
33,2,16.834723890398884,10.656078662484761,16.204316638663535
33,3,2.104306709856935,41.0,7.102088589677262
34,0,10.609488178074447,14.789415415955695,11.864222160074092
34,1,34.79351353778428,48.27928446767824,19.674691398963812
34,2,61.87313250334746,36.23124338504316,43.620010386510366
34,3,18.33285762984304,27.365963887672418,6.035043066659052
35,0,25.72388729743508,78.0,21.774082676880973
35,1,51.0,68.0,64.0
35,2,27.67734929904093,8.0,18.816296685954484
35,3,21.77346958724154,40.37803956333506,11.148290392483538
36,0,14.60706939602099,58.0,3.7642344160074233
36,1,18.96322779765825,40.0,28.0
36,2,14.606994603202837,2.111497256874826,4.744950926312987
36,3,37.0,31.0,3.0138350466316295
37,0,13.480612031881028,2.2992197607146885,2.9803981861533875
37,1,9.2603869503654,30.0,26.0
37,2,13.480132579607144,23.0,25.0
37,3,11.239436738112335,11.238517944053024,4.741361633553524
38,0,26.217568358718005,62.143295473174284,11.475241080100323
38,1,32.48532530304442,35.674859230987906,19.589216466184972
38,2,13.915520284549313,9.972332126047979,14.920570946516213
38,3,31.0,11.0,2.3016443581144626
39,0,9.28234800540725,19.0,21.0
39,1,9.282753947770527,43.0,29.0
39,2,16.0,11.0,12.718784554936168
39,3,9.282600582731774,21.0,7.30117647599353
40,0,7.461737619990902,4.3809885783140405,0.9902065579783451
40,1,18.91918387060598,35.49221254394622,18.919209077507105
40,2,12.315886178636397,27.540257956704224,14.385577866827349
40,3,6.489435512835632,7.9004537880315,7.4610872254790666
41,0,31.0,27.0,17.06959751260597
41,1,9.76760936994611,17.326473712234762,4.806249029084745
41,2,1.4240714349241002,22.250046191085314,30.0
41,3,29.0,30.0,15.163718533122397
42,0,23.0,35.0,18.29926864192034
42,1,11.238008949694194,28.0,24.0
42,2,13.340204367448697,28.0,13.340380205501202
42,3,6.2765158638908245,24.0,15.689498894817456
43,0,5.789601886301198,5.665171614003289,6.353744909593187
43,1,50.5051596132706,44.792594586587555,4.632354448684502
43,2,26.0,7.0,12.416912057659331
43,3,20.81505339199638,16.0,14.964464767774823
44,0,6.149601040832413,1.9531624010085176,2.160021528692292
44,1,28.93692001628699,37.23962067376648,15.20917649390536
44,2,28.16726670483782,14.827643989157648,11.576412732206643
44,3,23.198068246092802,19.382418606781748,5.615402170123945
45,0,43.456191012951294,49.06178587479308,24.085792373298617
45,1,38.96396447717756,34.79312929258611,18.333198599380847
45,2,14.832815375309204,8.618270362332083,11.226649942800877
45,3,12.168696912905476,11.658591756707498,12.372031348737798
46,0,25.0,7.809769127607316,8.008114787071397
46,1,20.0,32.0,22.0
46,2,9.282508694275021,20.0,14.260383807520366
46,3,4.225133535591132,24.0,17.0
47,0,4.5607946705958184,19.0,14.296321571170587
47,1,14.035094160040806,36.0,14.036335364751148
47,2,4.561115550552422,24.0,15.20636082573394
47,3,22.0,36.0,28.0
