strategy,param,value,is_default,n_runs,score_component_mean,reward_mean,penalty_mean,budget_ratio_mean,win_pv_ratio_mean,score_rank_mean,ratio_to_default
PID,base_action,5.0,False,6,17.02791303086585,23.541666666666668,0.6993315413738804,0.9878128606466442,0.05650824476451125,28.333333333333332,1.1020295956355666
PID,base_action,15.0,True,6,15.451411739124346,23.166666666666668,0.6543456724448762,0.9935700841177534,0.05188843991913258,30.0,1.0
PID,base_action,30.0,False,6,13.470223778823808,21.75,0.590091375474001,0.9948119325271078,0.05010568846272704,31.666666666666668,0.871779485670944
PID,base_action,60.0,False,6,12.922146985555218,21.541666666666668,0.57055062522748,0.998045135298473,0.048819962788158054,32.583333333333336,0.8363085007200471
PID,base_action,100.0,False,6,14.489201590082496,22.458333333333332,0.6175064998957044,0.9986820140954905,0.048166761431850724,30.625,0.9377267161546509
PID,up_factor,1.1,False,6,18.201296714694365,23.666666666666668,0.7467884453235336,0.8844353348548534,0.05319309714367326,27.083333333333332,1.1779698206220903
PID,up_factor,1.2,True,6,15.451411739124346,23.166666666666668,0.6543456724448762,0.9935700841177534,0.05188843991913258,30.0,1.0
PID,up_factor,1.5,False,6,10.744428837361667,19.791666666666668,0.4897984085930789,0.9999765195257067,0.044746596766697955,34.666666666666664,0.6953687480967076
PID,down_factor,0.5,False,6,15.771869057577277,22.583333333333332,0.6493717978882402,0.9496194185780418,0.05167126916850679,30.0,1.0207396789279457
PID,down_factor,0.7,True,6,15.451411739124346,23.166666666666668,0.6543456724448762,0.9935700841177534,0.05188843991913258,30.0,1.0
PID,down_factor,0.9,False,6,13.545945089706338,21.791666666666668,0.5900004439756267,0.999979526246126,0.0472048015670766,31.875,0.8766800935999137
PID,low_threshold,0.5,False,6,17.194000847103023,23.875,0.6711681985863459,0.9895975203601731,0.05310341198532637,28.916666666666668,1.1127786339138377
PID,low_threshold,0.7,True,6,15.451411739124346,23.166666666666668,0.6543456724448762,0.9935700841177534,0.05188843991913258,30.0,1.0
PID,low_threshold,0.9,False,6,14.649652477042743,23.0,0.6236729771989821,0.9973435379216907,0.05016969482902026,30.625,0.9481109379765296
PID,high_threshold,0.9,False,6,17.43004777846896,23.958333333333332,0.6782642404916838,0.9890390493810578,0.051362669410181326,27.958333333333332,1.1280553565428932
PID,high_threshold,1.1,True,6,15.451411739124346,23.166666666666668,0.6543456724448762,0.9935700841177534,0.05188843991913258,30.0,1.0
PID,high_threshold,1.3,False,6,15.070159179210757,22.916666666666668,0.6435140127809887,0.9927036074985652,0.05058462927979959,30.375,0.9753257135108099
ABid,bid_scale,0.25,False,6,5.5134906965537,5.541666666666667,0.680157363220367,0.13659496302205687,0.007312420791848095,40.708333333333336,0.45186987090232944
ABid,bid_scale,0.5,False,6,17.012660190090532,17.666666666666668,0.8715610547171367,0.6388805085931332,0.028741430618382857,28.375,1.394308793992636
ABid,bid_scale,1.0,True,6,12.201501032905616,20.833333333333332,0.5500405569078014,0.9870760971351688,0.043891646860609014,33.208333333333336,1.0
ABid,bid_scale,2.0,False,6,5.743192521728076,15.625,0.3474440595767883,0.999985798814779,0.038015624587349604,40.458333333333336,0.47069557312985905
ABid,bid_scale,4.0,False,6,1.7522035886403104,10.041666666666666,0.15252548774386088,0.9999819069268453,0.0337842598046423,44.583333333333336,0.14360557638891153
OnlineLP,cpa_cap_ratio,1.0,False,6,20.330860249897295,21.083333333333332,0.9175986681474532,0.630338928716405,0.038888581704371594,25.083333333333332,0.8679751781721919
OnlineLP,cpa_cap_ratio,1.5,True,6,23.423319884228288,26.541666666666668,0.8452179345090006,0.8348311681978154,0.051854186443706374,22.625,1.0
OnlineLP,cpa_cap_ratio,2.0,False,6,22.948818287341126,26.708333333333332,0.8193518771807554,0.8671181783365735,0.05405411531121305,22.625,0.979742342279727
OnlineLP,cpa_cap_ratio,3.0,False,6,23.018932835073286,27.375,0.8015292211142668,0.9101185071763229,0.05702941203542622,22.5,0.9827357073568683
OnlineLP,episode,0.0,True,6,23.423319884228288,26.541666666666668,0.8452179345090006,0.8348311681978154,0.051854186443706374,22.625,1.0
OnlineLP,episode,3.0,False,6,23.363255226990542,24.708333333333332,0.8784829652836811,0.7186955407167485,0.045561062777181714,23.583333333333332,0.9974356898366833
OnlineLP,episode,6.0,False,6,21.54515372242041,25.458333333333332,0.8181528547350093,0.8218031290752732,0.0491822219194622,24.166666666666668,0.9198163978850619
