step,Q_loss,A_loss
0,12.914833068847656,
1,5.07904577255249,12172.28515625
2,2.629145860671997,
3,3.753143787384033,9590.4658203125
4,2.844587802886963,
5,2.7158737182617188,8466.5693359375
6,3.2210488319396973,
7,2.7003273963928223,8690.6015625
8,2.7825775146484375,
9,2.9243719577789307,10250.9931640625
10,2.157285213470459,
11,3.270918846130371,16036.41796875
12,2.51220703125,
13,2.2927403450012207,9440.181640625
14,2.295072555541992,
15,4.125119209289551,10449.6826171875
16,2.1531105041503906,
17,1.9832022190093994,7331.1298828125
18,2.0250275135040283,
19,1.9940400123596191,7256.81591796875
20,2.12943696975708,
21,2.3946597576141357,11848.140625
22,2.4975385665893555,
23,1.9730849266052246,6995.83056640625
24,3.4330356121063232,
25,1.62098228931427,9496.5830078125
26,1.783912181854248,
27,1.7539098262786865,13588.0078125
28,2.1847541332244873,
29,1.5104951858520508,8571.85546875
30,1.3597933053970337,
31,1.5479812622070312,7695.564453125
32,1.5811158418655396,
33,2.6612162590026855,12332.1298828125
34,1.3816419839859009,
35,1.7785437107086182,7916.8076171875
36,1.1911423206329346,
37,1.4358770847320557,8092.3740234375
38,1.255359411239624,
39,1.2212817668914795,13510.7626953125
40,1.6271538734436035,
41,1.2482287883758545,10336.103515625
42,1.2700843811035156,
43,1.3002724647521973,9788.787109375
44,1.6645418405532837,
45,1.302536964416504,11276.431640625
46,1.3441381454467773,
47,1.3086814880371094,9007.85546875
48,1.5843052864074707,
49,1.001957654953003,9111.3310546875
50,1.0638761520385742,
51,0.9900859594345093,7428.0029296875
52,1.2270300388336182,
53,0.971337080001831,8253.3671875
54,0.9127368330955505,
55,1.1887664794921875,9202.7177734375
56,1.2950172424316406,
57,1.326246976852417,7520.068359375
58,0.9580984115600586,
59,1.2774934768676758,11324.1552734375
60,1.0253305435180664,
61,1.5868897438049316,9184.890625
62,0.8513743877410889,
63,1.0778706073760986,8985.7236328125
64,0.9504923820495605,
65,1.5504577159881592,7592.591796875
66,0.7414036989212036,
67,1.3341450691223145,7675.10107421875
68,0.8366888761520386,
69,0.6918073892593384,6276.7587890625
70,0.6282228231430054,
71,1.0525554418563843,6807.60986328125
72,0.6640400290489197,
73,0.8161075115203857,6575.5673828125
74,0.8431904911994934,
75,0.8935492038726807,6770.48291015625
76,0.9875354766845703,
77,1.1334854364395142,6343.8349609375
78,1.0099706649780273,
79,0.974431574344635,5968.8037109375
80,0.7975815534591675,
81,1.0828275680541992,7890.517578125
82,0.9911578893661499,
83,1.0235310792922974,9183.0849609375
84,1.167614459991455,
85,1.312816858291626,10779.9501953125
86,0.6014145016670227,
87,0.7438762784004211,6582.19873046875
88,0.693479061126709,
89,0.8235945701599121,5517.91650390625
90,0.675788164138794,
91,1.1061627864837646,6480.25634765625
92,0.6718919277191162,
93,1.5846624374389648,11424.3505859375
94,0.5604642629623413,
95,0.8460046648979187,9154.6396484375
96,0.9733625650405884,
97,0.8504838347434998,9519.13671875
98,1.2369153499603271,
99,1.2467644214630127,6663.0087890625
