model_id,parent_model_id,spec_name,algo,seed,step_num,is_checkpoint,weights_sha1,alpha_mean,alpha_median,alpha_std,share_le0,share_ge99,share_in_logged_range,rmse_to_logged,corr_to_logged
M23b8c9bc81,M23b8c9bc81,candidate_train,BCQ,2,30000,False,b4e2492c6a4580b7978df4d69f99cbba587e8985,100.0,100.0,0.0,0.0,1.0,1.0,54.28559305592469,
M23b8c9bc81_s000100,M23b8c9bc81,candidate_train,BCQ,2,100,True,1015980789eabd968637aecbfdfb77b57a1e4e03,73.60587634038926,100.0,41.409306153051546,0.0,0.71,1.0,53.717297741816274,0.35386190132732565
M23b8c9bc81_s000300,M23b8c9bc81,candidate_train,BCQ,2,300,True,eb1009c3a1361f40336c6f0624a8594bc980d9e5,57.82110728263855,60.28791809082031,10.39502648489017,0.0,0.0,1.0,53.69064479966185,0.36735362901347823
M23b8c9bc81_s001000,M23b8c9bc81,candidate_train,BCQ,2,1000,True,6dad35aa162c8d1f30e4393c5a6cae33d3189834,99.84706631088257,100.0,0.5000901403407295,0.0,0.9335,1.0,54.058735690623706,0.37597343933684996
M23b8c9bc81_s003000,M23b8c9bc81,candidate_train,BCQ,2,3000,True,587c5b406f01cdc927612d8c966f89ef72eb6912,99.96606407928466,100.0,0.3953332521796637,0.0,0.991,1.0,54.22760283445625,0.12871952183640034
M23b8c9bc81_s010000,M23b8c9bc81,candidate_train,BCQ,2,10000,True,8ce2db3dca04f8fcb1b363d0aa691f0e4d9dbbe9,100.0,100.0,0.0,0.0,1.0,1.0,54.28559305592469,
M23b8c9bc81_s020000,M23b8c9bc81,candidate_train,BCQ,2,20000,True,2a51dcb745c97093ae5cbe3d5fa87250f6a3c544,100.0,100.0,0.0,0.0,1.0,1.0,54.28559305592469,
M34aed00d0a,M34aed00d0a,loop1_train,CQL,3,50000,False,6b6289143384f5f9f9eb66f1e45c470e3c635a21,73.11911205101013,71.0477294921875,19.399123995998966,0.0,0.079,1.0,45.23780132916843,0.5071611578250793
M34aed00d0a_s000100,M34aed00d0a,loop1_train,CQL,3,100,True,47028b96465967e3236d6955cb8221acc10695e0,-0.7703597374558449,-0.767294704914093,0.0533240802335042,1.0,0.0,0.0,96.81472028459385,-0.4353279433084974
M34aed00d0a_s000300,M34aed00d0a,loop1_train,CQL,3,300,True,2eaad995f11e5b4e087cb202043690c714ef7478,4.847252068638801,4.917396306991577,0.47705612156712335,0.0,0.0,1.0,91.9502511899219,0.48183667241916134
M34aed00d0a_s001000,M34aed00d0a,loop1_train,CQL,3,1000,True,c033aa03efe11b717f1e9a208d20756d3d7cb5b1,51.354686380386354,50.62263488769531,5.3071948167883445,0.0,0.0,1.0,57.24989360703167,0.4853270845127911
M34aed00d0a_s003000,M34aed00d0a,loop1_train,CQL,3,3000,True,403bd5c1250f5d2f239bc973d9d8cf09298b51d6,85.4500590209961,84.57577896118164,6.4655073399111815,0.0,0.035,1.0,48.58694479094035,0.4562076949405095
M34aed00d0a_s010000,M34aed00d0a,loop1_train,CQL,3,10000,True,c9dcf65aad7e99a537468aea9d64dc9f824df1d4,89.54537087440491,90.95360565185547,20.565398135590232,0.0,0.331,1.0,45.20799030105956,0.4994485529082197
M34aed00d0a_s020000,M34aed00d0a,loop1_train,CQL,3,20000,True,8dad1b6d8a2e7fd5b637f7ceb11976b5a463e1f9,99.8126068611145,107.0879898071289,29.533458110006023,0.0,0.6075,1.0,46.47565358046328,0.5481431110295242
M34aed00d0a_s030000,M34aed00d0a,loop1_train,CQL,3,30000,True,722e7d899d257290af495bea43add92aa3bf46e4,91.05414936256409,89.21604919433594,28.622713166613153,0.0,0.281,0.996,40.33745152746956,0.6462445607186416
M37d7bc29d6,M37d7bc29d6,candidate_train,BCQ,1,30000,False,e43f976acbe03aad233586cd3187b4b8ad1b00ee,100.0,100.0,0.0,0.0,1.0,1.0,54.28559305592469,
M37d7bc29d6_s000100,M37d7bc29d6,candidate_train,BCQ,1,100,True,d9e29e116a03e6ba03d3d13d14664c6a51a50e2a,100.0,100.0,0.0,0.0,1.0,1.0,54.28559305592469,
M37d7bc29d6_s000300,M37d7bc29d6,candidate_train,BCQ,1,300,True,2ae3927244c7aa80d07bea5271e9f0d389a8ac69,100.0,100.0,0.0,0.0,1.0,1.0,54.28559305592469,
M37d7bc29d6_s001000,M37d7bc29d6,candidate_train,BCQ,1,1000,True,e618df2aa8f66b06900d486412e6ad43dc82d224,100.0,100.0,0.0,0.0,1.0,1.0,54.28559305592469,
M37d7bc29d6_s003000,M37d7bc29d6,candidate_train,BCQ,1,3000,True,c73401dc9fc840e3bb22f4d0e4a1b429cfb06709,100.0,100.0,0.0,0.0,1.0,1.0,54.28559305592469,
M37d7bc29d6_s010000,M37d7bc29d6,candidate_train,BCQ,1,10000,True,e1eeaaa04ac7407067fe88e36a6c856525e323f9,100.0,100.0,0.0,0.0,1.0,1.0,54.28559305592469,
M37d7bc29d6_s020000,M37d7bc29d6,candidate_train,BCQ,1,20000,True,92f03686cfc94b0a49f8af23f87da92bdd18d1b3,100.0,100.0,0.0,0.0,1.0,1.0,54.28559305592469,
M45ad31f9f9,M45ad31f9f9,loop3a_bcq_max300,BCQ,2,3000,False,a30667f181b4bf4d1c4a8c22588db2cde50fb63f,300.0,300.0,0.0,0.0,1.0,0.0,224.39168622239336,
M45ad31f9f9_s000100,M45ad31f9f9,loop3a_bcq_max300,BCQ,2,100,True,32ba2342f2f9757b1823478f0bc44495207c25c0,155.39056616210937,153.24374389648438,13.12687037004479,0.0,1.0,1.0,90.56981168446715,0.02628643103446728
M45ad31f9f9_s000300,M45ad31f9f9,loop3a_bcq_max300,BCQ,2,300,True,bb411d95400fb97b4f3dfbbe2e34b3ceb4e94fb8,15.486817313194274,8.733808517456055,17.030617382384595,0.0,0.001,0.9995,85.07900564709729,0.0069227764640639846
M45ad31f9f9_s001000,M45ad31f9f9,loop3a_bcq_max300,BCQ,2,1000,True,d41abcb6a5fd39d79e38485396c2db171b1f5aff,300.0,300.0,0.0,0.0,1.0,0.0,224.39168622239336,
M46cc6eb883,M46cc6eb883,candidate_train,CQL,2,30000,False,fbef8d5f5b921c339c4063c9d5f8c98d400d8565,93.78551386070251,91.85901260375977,29.15400095230658,0.0,0.359,0.996,40.7556217474381,0.6534563093266221
M4c81bbf07d,M4c81bbf07d,candidate_train,CQL,1,30000,False,5af010e88f82ab0fd3ebf5f9666f0909cd65f69c,88.97458752632141,89.49221801757812,24.544950957435056,0.0,0.2675,1.0,40.224558134609275,0.6565392282711138
M4f8b289d3d,M4f8b289d3d,loop1_train,BCQ,2,20000,False,2a51dcb745c97093ae5cbe3d5fa87250f6a3c544,100.0,100.0,0.0,0.0,1.0,1.0,54.28559305592469,
M4f8b289d3d_s000100,M4f8b289d3d,loop1_train,BCQ,2,100,True,1015980789eabd968637aecbfdfb77b57a1e4e03,73.60587634038926,100.0,41.409306153051546,0.0,0.71,1.0,53.717297741816274,0.35386190132732565
M4f8b289d3d_s000300,M4f8b289d3d,loop1_train,BCQ,2,300,True,eb1009c3a1361f40336c6f0624a8594bc980d9e5,57.82110728263855,60.28791809082031,10.39502648489017,0.0,0.0,1.0,53.69064479966185,0.36735362901347823
M4f8b289d3d_s001000,M4f8b289d3d,loop1_train,BCQ,2,1000,True,6dad35aa162c8d1f30e4393c5a6cae33d3189834,99.84706631088257,100.0,0.5000901403407295,0.0,0.9335,1.0,54.058735690623706,0.37597343933684996
M4f8b289d3d_s003000,M4f8b289d3d,loop1_train,BCQ,2,3000,True,587c5b406f01cdc927612d8c966f89ef72eb6912,99.96606407928466,100.0,0.3953332521796637,0.0,0.991,1.0,54.22760283445625,0.12871952183640034
M4f8b289d3d_s010000,M4f8b289d3d,loop1_train,BCQ,2,10000,True,8ce2db3dca04f8fcb1b363d0aa691f0e4d9dbbe9,100.0,100.0,0.0,0.0,1.0,1.0,54.28559305592469,
M5168c9d743,M5168c9d743,candidate_train,BCQ,3,30000,False,25c82571ed3f03f41ab41aff311d8c84fdd19a79,100.0,100.0,0.0,0.0,1.0,1.0,54.28559305592469,
M5168c9d743_s000100,M5168c9d743,candidate_train,BCQ,3,100,True,d67ea70e141d335fc3bc3d9b7356953870c05157,2.4685437626838684,6.367970943450928,21.553259930324792,0.07,0.0,0.93,95.80624570841702,0.06094159761312281
M5168c9d743_s000300,M5168c9d743,candidate_train,BCQ,3,300,True,96a0b53a5173ac6d32a0d729f7acee67f5ea8bd8,69.69350937592984,100.0,44.2877004905943,0.0,0.681,1.0,66.7647438264913,0.05469399748367073
M5168c9d743_s001000,M5168c9d743,candidate_train,BCQ,3,1000,True,3e5c377353119bca84787ec589612f463ebff9ab,100.0,100.0,0.0,0.0,1.0,1.0,54.28559305592469,
M5168c9d743_s003000,M5168c9d743,candidate_train,BCQ,3,3000,True,10e79867cd1f19d92bb7e52199447b227f87ff45,100.0,100.0,0.0,0.0,1.0,1.0,54.28559305592469,
M5168c9d743_s010000,M5168c9d743,candidate_train,BCQ,3,10000,True,0f3a352a955b0b761b6190d2727c3ebfb3f974f3,100.0,100.0,0.0,0.0,1.0,1.0,54.28559305592469,
M5168c9d743_s020000,M5168c9d743,candidate_train,BCQ,3,20000,True,efb7713d2c57ab36e0d200fe597458226dab4bf8,100.0,100.0,0.0,0.0,1.0,1.0,54.28559305592469,
M52ce91cd64,M52ce91cd64,loop1_train,TD3_BC,2,50000,False,d8121e23797805d17eca5ca6e5739068db5e7d28,83.39250443845614,87.11974334716797,48.04525329900602,0.036,0.305,0.957,20.645716322965665,0.9156345400281991
M52ce91cd64_s000100,M52ce91cd64,loop1_train,TD3_BC,2,100,True,ddaba70b46477334a5063bf9b1bd4fe38e92bce4,17.0633574719429,17.064090728759766,1.3250028470460389,0.0,0.0,1.0,81.88011981596328,0.3860537974727446
M52ce91cd64_s000300,M52ce91cd64,loop1_train,TD3_BC,2,300,True,e7a5587f5be66a1e0e623f53c1777e584c1f1bb1,84.74561397361755,86.51934051513672,10.386426277288301,0.0,0.051,1.0,46.37191880352263,0.5399370661343557
M52ce91cd64_s001000,M52ce91cd64,loop1_train,TD3_BC,2,1000,True,f70e98c7f851787f37a8ea5b844c8ab057086388,80.64210410022736,84.04367446899414,27.98283202506064,0.0,0.193,1.0,38.16585782983719,0.6762411723209272
M52ce91cd64_s003000,M52ce91cd64,loop1_train,TD3_BC,2,3000,True,16267e4f4f29c3d76d01e828f032afdef7c7e1bc,84.12689798344859,87.83418655395508,38.422520818395355,0.0085,0.2925,0.985,34.08988482282102,0.7459759552960473
M52ce91cd64_s010000,M52ce91cd64,loop1_train,TD3_BC,2,10000,True,ffd12eedb2795f5fc2a8e8ee706401e7858117ea,86.16207811585255,94.36978530883789,43.203903761918326,0.0055,0.396,0.988,29.308228354643408,0.8240515420901129
M52ce91cd64_s020000,M52ce91cd64,loop1_train,TD3_BC,2,20000,True,7c1d2aab32ac9207ab186edf9afdf32f6aca6bc4,83.42780656112544,90.49402618408203,44.17128576486758,0.0175,0.2935,0.976,27.177489751053255,0.8474388391006512
M52ce91cd64_s030000,M52ce91cd64,loop1_train,TD3_BC,2,30000,True,3f063c9875ccb180bbe83c301cac97f98a4e2c85,82.24058292481303,87.78109359741211,46.53569321493481,0.0645,0.2605,0.9285,25.624243957545694,0.8661315238789461
M5623560fe7,M5623560fe7,loop3a_bcq_max300,BCQ,3,3000,False,9d1752019a8584624a11de055fdc0c2a43176dc1,19.810420032024382,6.042686462402344,36.68462931405336,0.0,0.052,1.0,91.07197976028992,-0.1442109833594854
M5623560fe7_s000100,M5623560fe7,loop3a_bcq_max300,BCQ,3,100,True,2517528ce0a0e08175cf0a562c88ab1c328e87df,284.9900989074707,284.99546813964844,0.010006411584986745,0.0,1.0,0.0,209.80190357073005,0.3990857071268856
M5623560fe7_s000300,M5623560fe7,loop3a_bcq_max300,BCQ,3,300,True,89ca71469efa335b908f32707a3759f7756c3973,284.99084396362304,284.9932861328125,0.006175710293373066,0.0,1.0,0.0,209.80298813352186,0.405628167547947
M5623560fe7_s001000,M5623560fe7,loop3a_bcq_max300,BCQ,3,1000,True,706e74ec0b48e78b0545ce0283377137b02473c6,166.93267173194886,227.09828186035156,72.37646212916478,0.0,0.5465,1.0,125.96482238278129,-0.09798207033151
M5645cb5446,M5645cb5446,loop1_train,TD3_BC,1,50000,False,b21199b8f2dfa53be0987f10fc77e3ce486552d6,83.07696560032107,86.22244644165039,46.115800637495,0.042,0.2905,0.952,20.62781483788143,0.9152670460629214
M5645cb5446_s000100,M5645cb5446,loop1_train,TD3_BC,1,100,True,526b1f9acdca9f4c6dc2669c0582dd5659bbde44,18.139662652015687,18.17426300048828,1.337469990714604,0.0,0.0,1.0,80.98692386318923,0.44092946107991515
M5645cb5446_s000300,M5645cb5446,loop1_train,TD3_BC,1,300,True,42433d45ee7cdd43089264e46952ff0b68b94207,84.6838780002594,86.91110229492188,10.315852716234343,0.0,0.0455,1.0,46.34474328877518,0.5442579758610637
M5645cb5446_s001000,M5645cb5446,loop1_train,TD3_BC,1,1000,True,92577d96201cc5153f8e2ed02c20ec4f3ef8127f,84.15422406768799,86.51162719726562,29.158402491250264,0.0,0.252,0.9995,37.75125977749089,0.684273002580498
M5645cb5446_s003000,M5645cb5446,loop1_train,TD3_BC,1,3000,True,f9edae8a2b7c70d0692f2bc41a72c7a7058c6c0c,82.63656344032195,87.0032844543457,37.9238521577527,0.004,0.2535,0.99,33.43528888928354,0.7559105864107655
M5645cb5446_s010000,M5645cb5446,loop1_train,TD3_BC,1,10000,True,4da44e8c93afbe1b192869cd02323c1871b9d02e,85.06512101701274,91.49235153198242,45.6518361433909,0.004,0.3185,0.988,29.98654305099404,0.8159725452611007
M5645cb5446_s020000,M5645cb5446,loop1_train,TD3_BC,1,20000,True,7b2765e88cbb1d16ba10a34999bf0528b3c59558,88.97978835279122,96.01658248901367,45.20361813218374,0.003,0.4285,0.9905,28.325997884140808,0.845616125860903
M5645cb5446_s030000,M5645cb5446,loop1_train,TD3_BC,1,30000,True,05fabecfa8cd2c28a8db8f7edb87e3cf9969d37b,79.0671494868258,85.03620529174805,42.7767812236857,0.05,0.205,0.944,25.241456990620875,0.8710189164376644
M566adfbc9a,M566adfbc9a,loop3a_bcq_max300,BCQ,1,3000,False,5d8adfc270c91779927e17c72514e881491e0aec,146.01641187000274,157.10345458984375,101.56610061776625,0.0,0.608,1.0,125.03731425895303,0.13982644407689235
M566adfbc9a_s000100,M566adfbc9a,loop3a_bcq_max300,BCQ,1,100,True,8573f48894fcb13b0002d292d1b59be2c90a459f,4.831173273563385,3.9926528930664062,4.529239252187131,0.0,0.0,1.0,92.35577284317185,-0.0617132066531018
M566adfbc9a_s000300,M566adfbc9a,loop3a_bcq_max300,BCQ,1,300,True,4bd282b1555df24d30f5a477e41be967e1ac0396,5.07723096704483,4.881682395935059,1.682861231232136,0.004,0.0,0.996,91.98074822613039,-0.0858355248301666
M566adfbc9a_s001000,M566adfbc9a,loop3a_bcq_max300,BCQ,1,1000,True,74b589b125dd7c024600e9754ed923a5340ff3df,-6.046272422075272,-6.407958507537842,2.50715026961502,1.0,0.0,0.0,101.45947021370704,-0.08287461160651496
M5ecc9fd6da,M5ecc9fd6da,loop1_train,IQL,2,50000,False,3956ee6cf0adf3e2d9a2bc5007ac610432b0a707,83.49234232950211,91.62334823608398,43.54454982297036,0.035,0.3105,0.9935,29.417751907415113,0.818795399571109
M5ecc9fd6da_s000100,M5ecc9fd6da,loop1_train,IQL,2,100,True,c2eca5384c5c37f12139213f2be8a4b32cd8d7f0,0.1420315778180957,0.14718295633792877,0.015136453290299267,0.0,0.0,1.0,96.02516098561397,0.3981215611394308
M5ecc9fd6da_s000300,M5ecc9fd6da,loop1_train,IQL,2,300,True,f4f4807f09592fbee3f22664dd863d2e89d969b4,0.785985515654087,0.7897601127624512,0.06384562601520186,0.0,0.0,1.0,95.46542588456306,0.5296175587270718
M5ecc9fd6da_s001000,M5ecc9fd6da,loop1_train,IQL,2,1000,True,e07e8f0bafd5a95d10489893009a9b6f5a2d20f3,1.901586847960949,1.89203679561615,0.1558426237742331,0.0,0.0,1.0,94.49710799263103,0.540490543466504
M5ecc9fd6da_s003000,M5ecc9fd6da,loop1_train,IQL,2,3000,True,734779fb055bfeaef70c732a9059c7d03c72d0ba,13.328667726039887,13.120340347290039,1.2923034591529206,0.0,0.0,1.0,84.76731844463309,0.501449870737325
M5ecc9fd6da_s010000,M5ecc9fd6da,loop1_train,IQL,2,10000,True,84addb4376df04bfb875a6765e58b1678e3ca288,86.13285619306565,89.04251480102539,28.748867475850943,0.0,0.294,0.9995,37.83526577869935,0.6887041254010987
M5ecc9fd6da_s020000,M5ecc9fd6da,loop1_train,IQL,2,20000,True,3a872f36bc970ebdef9f124e58da33f62b504e38,84.55597105324269,89.90509796142578,38.10350987335769,0.014,0.3005,0.995,33.139126659086315,0.7630094422238914
M5ecc9fd6da_s030000,M5ecc9fd6da,loop1_train,IQL,2,30000,True,5a65a9d9742512b2870e5184125209d186d6817d,85.12239818955213,91.91862106323242,40.427796989562005,0.0085,0.332,0.9935,30.99520646164617,0.7976222488190877
M5eda353e80,M5eda353e80,candidate_train,BC,2,30000,False,2f3f5f57c05031f2379a17b319c3de3826175df1,83.46339812757448,91.04433822631836,45.0397225242593,0.059,0.311,0.9935,27.650433187615914,0.8423418528017683
M5fafd53343,M5fafd53343,loop1_train,BC,1,50000,False,41d51989f7ee311e009b2f55404024b7b73b2715,85.20851274878905,91.5942268371582,45.41665523390402,0.0625,0.3635,0.9935,25.527465977634904,0.8692057087104181
M5fafd53343_s000100,M5fafd53343,loop1_train,BC,1,100,True,d290584b31a711d28f7ea8f9e88f538ef6646189,5.239792707681656,5.225382328033447,0.41948503730156766,0.0,0.0,1.0,91.63297065945775,0.5054661841801822
M5fafd53343_s000300,M5fafd53343,loop1_train,BC,1,300,True,e49575d4e173f240e76352a428e52aaf62a42232,70.15349165725708,69.49919128417969,7.636335897303603,0.0,0.0005,1.0,48.943089036080615,0.5075815550799269
M5fafd53343_s001000,M5fafd53343,loop1_train,BC,1,1000,True,4d9415b0d36fefee4824b4cd9391f8adfc58ba03,84.88111580657959,90.8506965637207,18.325725708427,0.0,0.0995,1.0,42.38054861440699,0.6177719913362288
M5fafd53343_s003000,M5fafd53343,loop1_train,BC,1,3000,True,66fee91a51936747370cee6630c3143105ee67b6,84.85192302179337,86.73515701293945,35.90360655195887,0.0005,0.2925,0.9965,36.23425381103124,0.7072558575822792
M5fafd53343_s010000,M5fafd53343,loop1_train,BC,1,10000,True,eff57af94e3ac7d88f7fac85fcc587a6a442b462,83.33979649145715,89.52117919921875,41.26759343513533,0.0255,0.2685,0.993,31.035995301733507,0.794757096492896
M5fafd53343_s020000,M5fafd53343,loop1_train,BC,1,20000,True,604c8afabae358939c6d73aba5625bea02802ac0,84.43160467749834,91.9155044555664,43.4226310226839,0.019,0.3145,0.994,28.84134332672925,0.8273276338409861
M5fafd53343_s030000,M5fafd53343,loop1_train,BC,1,30000,True,2d52c026250b1c07d66bd52cd690a1d4af2af046,80.9907463337779,88.30122375488281,43.31648242469057,0.0625,0.229,0.9935,27.623328856224134,0.8409251030324719
M65e12cbdc5,M65e12cbdc5,candidate_train,IQL,3,30000,False,86d1ef239d5d83a7f78042e0f54146346900517c,84.37518725619093,91.20578002929688,40.612145614290526,0.016,0.331,0.9935,30.792050299190922,0.7994586575809276
M762a08b14f,M762a08b14f,loop1_train,IQL,1,50000,False,b6cd7e7ec5e12fedb4f2c265b3e1c65efe8e3c09,82.96915324428305,90.93205261230469,43.550066153800806,0.0425,0.2995,0.9935,29.50448058061595,0.8172398726726623
M762a08b14f_s000100,M762a08b14f,loop1_train,IQL,1,100,True,40c2e301129131be43b78d4fb7454c5cd5248e6a,0.14405288753658532,0.14940166473388672,0.015351503584934333,0.0,0.0,1.0,96.02339960387489,0.3985628425904377
M762a08b14f_s000300,M762a08b14f,loop1_train,IQL,1,300,True,d0823db7e187dc01b16928356afecc87fae99b66,0.7846987821161747,0.7878374755382538,0.06314526930905405,0.0,0.0,1.0,95.46684176967833,0.5257565845503619
M762a08b14f_s001000,M762a08b14f,loop1_train,IQL,1,1000,True,a92ff7dd8f9eeae0688a436c6aa70f80934d40e3,1.9123589885830878,1.902030885219574,0.15553804961240084,0.0,0.0,1.0,94.48851027350727,0.5358939906799149
M762a08b14f_s003000,M762a08b14f,loop1_train,IQL,1,3000,True,941a42743b08eec4e5fc30988f461120695c833e,13.075587559223175,12.888342380523682,1.2601966477430846,0.0,0.0,1.0,84.97425409992127,0.5092200743747648
M762a08b14f_s010000,M762a08b14f,loop1_train,IQL,1,10000,True,557990f0789e0f36678d02afa0dd94498c3c801e,86.10583794879913,89.0149154663086,29.51073849007693,0.0,0.294,0.999,37.68579278281499,0.689325416062394
M762a08b14f_s020000,M762a08b14f,loop1_train,IQL,1,20000,True,a599bab003e7c699b502c1b7cd4fab70615d1643,84.24413948452472,89.14702224731445,38.75855693143622,0.013,0.289,0.9945,33.129385884149215,0.7625457516601079
M762a08b14f_s030000,M762a08b14f,loop1_train,IQL,1,30000,True,50796d61cc618f76f4f76903b887c39c04ddb10c,83.21793494638801,89.95685958862305,40.20567050906691,0.022,0.299,0.994,30.91349587548548,0.7964075431472022
M779b4f7138,M779b4f7138,candidate_train,IQL,1,30000,False,50796d61cc618f76f4f76903b887c39c04ddb10c,83.21793494638801,89.95685958862305,40.20567050906691,0.022,0.299,0.994,30.91349587548548,0.7964075431472022
M7e2d6b4dcc,M7e2d6b4dcc,candidate_train,BC,1,30000,False,2d52c026250b1c07d66bd52cd690a1d4af2af046,80.9907463337779,88.30122375488281,43.31648242469057,0.0625,0.229,0.9935,27.623328856224134,0.8409251030324719
M812c6f5a18,M812c6f5a18,candidate_train,IQL,2,30000,False,5a65a9d9742512b2870e5184125209d186d6817d,85.12239818955213,91.91862106323242,40.427796989562005,0.0085,0.332,0.9935,30.99520646164617,0.7976222488190877
M81acfcffa0,M81acfcffa0,candidate_train,TD3_BC,2,30000,False,3f063c9875ccb180bbe83c301cac97f98a4e2c85,82.24058292481303,87.78109359741211,46.53569321493481,0.0645,0.2605,0.9285,25.624243957545694,0.8661315238789461
M8da7311772,M8da7311772,loop1_train,BC,2,50000,False,93dfa859731d6d109bba6cc6b7395b9e3b2283c9,83.43111048315465,89.84538269042969,44.772906909809855,0.049,0.312,0.993,25.012089872040246,0.8724950932315882
M8da7311772_s000100,M8da7311772,loop1_train,BC,2,100,True,0640634c8b4db8655aed239178b96dbdc1e2ebcc,5.1996425807476045,5.1720967292785645,0.4152748591223734,0.0,0.0,1.0,91.66833712006371,0.5020533857350425
M8da7311772_s000300,M8da7311772,loop1_train,BC,2,300,True,da65a0d06596cfaa688e1358234300912708b762,69.33514729499817,68.7176628112793,7.548290879601696,0.0,0.0005,1.0,49.11592493430124,0.5147171752500781
M8da7311772_s001000,M8da7311772,loop1_train,BC,2,1000,True,fe82034e6986ac297113e39a694c88281de0e8a4,83.24566995429993,89.26415634155273,17.698957280634595,0.0,0.0705,1.0,42.56442699606293,0.6138400514463717
M8da7311772_s003000,M8da7311772,loop1_train,BC,2,3000,True,c74ecd443d2545fb62108237d952f14db9ae5118,85.29247149653361,87.95287322998047,37.3659613283448,0.0055,0.3085,0.9955,35.897073125122986,0.7148770872608405
M8da7311772_s010000,M8da7311772,loop1_train,BC,2,10000,True,a7ca5bb4e639348dc18fe1861da862a916e59935,86.90430333858728,93.6315689086914,41.45079021691367,0.007,0.377,0.993,31.05813161580701,0.8006249304508288
M8da7311772_s020000,M8da7311772,loop1_train,BC,2,20000,True,d5697042f902293beaf973a2a522d07b51d7ca63,82.59841064116918,90.59252548217773,42.72721912219044,0.0345,0.2695,0.9935,28.39061500925358,0.8312662980980641
M8da7311772_s030000,M8da7311772,loop1_train,BC,2,30000,True,2f3f5f57c05031f2379a17b319c3de3826175df1,83.46339812757448,91.04433822631836,45.0397225242593,0.059,0.311,0.9935,27.650433187615914,0.8423418528017683
M9d3d66bb83,M9d3d66bb83,loop1_train,IQL,3,50000,False,86ca7a1fe33e5734113937843f1753339411b3ec,84.53889300418645,92.00870132446289,43.20916948585272,0.0135,0.3325,0.9935,29.116778691858425,0.8237475398090915
M9d3d66bb83_s000100,M9d3d66bb83,loop1_train,IQL,3,100,True,8c68c3a4f7d15ebd31a114e247be0ccf4d703cf9,0.14265519800409673,0.14778083562850952,0.015132575937327256,0.0,0.0,1.0,96.02455544479535,0.40782932642382647
M9d3d66bb83_s000300,M9d3d66bb83,loop1_train,IQL,3,300,True,960beb0936fefbf5c7fb3dc8269f58cb9dd7b283,0.786005712389946,0.7902442514896393,0.06354405048525856,0.0,0.0,1.0,95.46554730814802,0.5280478748719959
M9d3d66bb83_s001000,M9d3d66bb83,loop1_train,IQL,3,1000,True,e6c338917176d7edbcd6c5fefab875f1857ab6d3,1.892196294248104,1.882840633392334,0.1573055646752247,0.0,0.0,1.0,94.50464617160671,0.5398577600222788
M9d3d66bb83_s003000,M9d3d66bb83,loop1_train,IQL,3,3000,True,1fe5f820318c1a4c43c923064ff1ed9fb10a9dae,12.083620107650757,11.903175830841064,1.1647435609783765,0.0,0.0,1.0,85.80398320947376,0.507033567943517
M9d3d66bb83_s010000,M9d3d66bb83,loop1_train,IQL,3,10000,True,7e3ea109d20e314f1a1286e1bd475e4b6b1acdb9,85.44483806943893,88.44974136352539,29.057499843502736,0.0,0.28,0.9995,37.71945007703624,0.688359957429136
M9d3d66bb83_s020000,M9d3d66bb83,loop1_train,IQL,3,20000,True,f5529b5d3ee2e33a04f93e0b4305ef8140ab66be,83.40436115802825,88.43323516845703,38.47923636579206,0.014,0.2755,0.9945,33.01722931322556,0.7634777354682848
M9d3d66bb83_s030000,M9d3d66bb83,loop1_train,IQL,3,30000,True,86d1ef239d5d83a7f78042e0f54146346900517c,84.37518725619093,91.20578002929688,40.612145614290526,0.016,0.331,0.9935,30.792050299190922,0.7994586575809276
M9dfe16d82c,M9dfe16d82c,loop1_train,CQL,2,50000,False,31d20430c57e4a1f96e74662af466353be81acdd,74.4518232164383,74.43216323852539,17.27851687262849,0.0,0.071,1.0,48.86533182086487,0.3200885259411156
M9dfe16d82c_s000100,M9dfe16d82c,loop1_train,CQL,2,100,True,4d3018ca3ae4863660f045e195c8b761c6a5bdd1,-0.6673436416983605,-0.6656369864940643,0.04471420619830082,1.0,0.0,0.0,96.72481974273177,-0.41810249712570946
M9dfe16d82c_s000300,M9dfe16d82c,loop1_train,CQL,2,300,True,0227fdbb5ae1045a046513001113df9d7f5f958b,6.007916811704636,6.088389873504639,0.5825989123464912,0.0,0.0,1.0,90.9546680409503,0.489516687879358
M9dfe16d82c_s001000,M9dfe16d82c,loop1_train,CQL,2,1000,True,e2ee69e83c21d3ac83cfabe9417c11b33fce231e,55.04150897216797,54.24487495422363,5.619966313076005,0.0,0.0,1.0,55.306888650910565,0.4818781646374132
M9dfe16d82c_s003000,M9dfe16d82c,loop1_train,CQL,2,3000,True,e2880765c99de1556108b44a8bdeb08750ddb731,88.51432902908326,87.62738418579102,6.690754407744025,0.0,0.0595,1.0,48.81910624310557,0.4613790045859607
M9dfe16d82c_s010000,M9dfe16d82c,loop1_train,CQL,2,10000,True,90a08d9852809632cb23f0adbac72dd96c80597a,98.03026769256591,99.48907089233398,25.232650153440186,0.0,0.514,1.0,47.62150167537388,0.48411534898801767
M9dfe16d82c_s020000,M9dfe16d82c,loop1_train,CQL,2,20000,True,0f9b0494443be1218f824b20425bdf9ab4d283d2,101.0139527015686,109.11277770996094,28.15509198541543,0.0,0.6275,1.0,46.223175848884246,0.5712752668123083
M9dfe16d82c_s030000,M9dfe16d82c,loop1_train,CQL,2,30000,True,fbef8d5f5b921c339c4063c9d5f8c98d400d8565,93.78551386070251,91.85901260375977,29.15400095230658,0.0,0.359,0.996,40.7556217474381,0.6534563093266221
Mbe2ad40790,Mbe2ad40790,candidate_train,TD3_BC,1,30000,False,05fabecfa8cd2c28a8db8f7edb87e3cf9969d37b,79.0671494868258,85.03620529174805,42.7767812236857,0.05,0.205,0.944,25.241456990620875,0.8710189164376644
Mc82786c98f,Mc82786c98f,loop1_train,BC,3,50000,False,232a61199e06db6b5ca9f46b5711c605ea6206fa,85.65094054836035,91.93765258789062,45.54565780914476,0.0365,0.357,0.993,25.216065255896613,0.8734176092272432
Mc82786c98f_s000100,Mc82786c98f,loop1_train,BC,3,100,True,ba336cbce4c6a6dc8d26f740d9d7438873a1fa79,5.3716743731498715,5.341717720031738,0.4276110816442411,0.0,0.0,1.0,91.52003184442371,0.5095583087686418
Mc82786c98f_s000300,Mc82786c98f,loop1_train,BC,3,300,True,e8a90342eadb343ccd6dce807a9dddb140675db2,71.01884951591492,70.38799285888672,7.732902487141197,0.0,0.001,1.0,48.67939591257202,0.5118330245714894
Mc82786c98f_s001000,Mc82786c98f,loop1_train,BC,3,1000,True,01a635851f8b5aba09a07a439c359eb09b2bfbdc,84.2162354030609,90.07157897949219,18.124499790475443,0.0,0.09,1.0,42.38291094365764,0.6183574868800459
Mc82786c98f_s003000,Mc82786c98f,loop1_train,BC,3,3000,True,dd1b6c65bab2212b4f9021252de7622cd0235ef3,84.14427771377564,86.47676849365234,37.092848541467816,0.002,0.279,0.9955,35.830176744470506,0.7140772874774033
Mc82786c98f_s010000,Mc82786c98f,loop1_train,BC,3,10000,True,ff63a8f76a5f65691e703328b47d3e97c715690c,82.8578248878736,89.23843002319336,40.54170604655857,0.018,0.257,0.993,30.612103481798083,0.8005756442851194
Mc82786c98f_s020000,Mc82786c98f,loop1_train,BC,3,20000,True,8cf636fc55445d522673c8579da1f13a9bea579a,83.33827301055565,90.38602066040039,44.25947066177149,0.0395,0.2815,0.9935,28.936475569120873,0.8255513077525383
Mc82786c98f_s030000,Mc82786c98f,loop1_train,BC,3,30000,True,2ffa7cce8b876a622a5967db916622d0858b4102,84.88349115786026,92.255615234375,44.620870927259524,0.018,0.3315,0.9935,27.953172010880046,0.8399809993136871
Mcaa18f834a,Mcaa18f834a,candidate_train,CQL,3,30000,False,722e7d899d257290af495bea43add92aa3bf46e4,91.05414936256409,89.21604919433594,28.622713166613153,0.0,0.281,0.996,40.33745152746956,0.6462445607186416
Mcc8c39adb7,Mcc8c39adb7,candidate_train,BC,3,30000,False,2ffa7cce8b876a622a5967db916622d0858b4102,84.88349115786026,92.255615234375,44.620870927259524,0.018,0.3315,0.9935,27.953172010880046,0.8399809993136871
Md6c3b6c8e0,Md6c3b6c8e0,loop1_train,TD3_BC,3,50000,False,2f422000a72709b747f9127991b60f3fc8b626d0,79.32877064535302,81.5951156616211,47.90602999163611,0.048,0.2345,0.945,20.870625874333314,0.9138658046835475
Md6c3b6c8e0_s000100,Md6c3b6c8e0,loop1_train,TD3_BC,3,100,True,dfecfc7642772f3ebca243aa441a697dc0c44ba4,18.220021780967713,18.744352340698242,1.9570807391775247,0.0,0.0,1.0,80.87250591331674,0.35332805330309536
Md6c3b6c8e0_s000300,Md6c3b6c8e0,loop1_train,TD3_BC,3,300,True,3b394118fadcdfffe5bf72ddee066b2093f831db,83.30560216712952,86.74069595336914,11.36821389431699,0.0,0.044,1.0,46.47681907944812,0.49702213940887957
Md6c3b6c8e0_s001000,Md6c3b6c8e0,loop1_train,TD3_BC,3,1000,True,f728bcc5ef85a19f8ee8141b07766bfc1442a00a,85.76122146320343,88.15620040893555,30.026825411344607,0.0,0.2815,0.9995,37.840098563438325,0.6827012699320417
Md6c3b6c8e0_s003000,Md6c3b6c8e0,loop1_train,TD3_BC,3,3000,True,086d9d83a1377115f7f0955ba45fb858bc54348a,82.72991451735794,86.80492401123047,38.51404249789972,0.008,0.2645,0.9855,33.55132036924051,0.7538829857839078
Md6c3b6c8e0_s010000,Md6c3b6c8e0,loop1_train,TD3_BC,3,10000,True,3fed3d78d6fa4c5dd21d22769eab0908e4d1275c,79.8296338472478,87.23074722290039,43.572301161754325,0.047,0.2,0.946,28.976764263993424,0.8243235059854199
Md6c3b6c8e0_s020000,Md6c3b6c8e0,loop1_train,TD3_BC,3,20000,True,ef4f1a1e5e819678696971d0195d720c2c064de9,81.98758771118894,88.4453125,46.29184975059481,0.045,0.262,0.948,27.588650892172268,0.8437115246787124
Md6c3b6c8e0_s030000,Md6c3b6c8e0,loop1_train,TD3_BC,3,30000,True,a0fde850c99e1b9c1a62e5e075d53728e7523883,88.74982231098879,95.79800415039062,45.92359823914288,0.0215,0.4285,0.972,25.995837365306425,0.8726383801994223
Mdc869421d2,Mdc869421d2,loop1_train,BCQ,3,20000,False,efb7713d2c57ab36e0d200fe597458226dab4bf8,100.0,100.0,0.0,0.0,1.0,1.0,54.28559305592469,
Mdc869421d2_s000100,Mdc869421d2,loop1_train,BCQ,3,100,True,d67ea70e141d335fc3bc3d9b7356953870c05157,2.4685437626838684,6.367970943450928,21.553259930324792,0.07,0.0,0.93,95.80624570841702,0.06094159761312281
Mdc869421d2_s000300,Mdc869421d2,loop1_train,BCQ,3,300,True,96a0b53a5173ac6d32a0d729f7acee67f5ea8bd8,69.69350937592984,100.0,44.2877004905943,0.0,0.681,1.0,66.7647438264913,0.05469399748367073
Mdc869421d2_s001000,Mdc869421d2,loop1_train,BCQ,3,1000,True,3e5c377353119bca84787ec589612f463ebff9ab,100.0,100.0,0.0,0.0,1.0,1.0,54.28559305592469,
Mdc869421d2_s003000,Mdc869421d2,loop1_train,BCQ,3,3000,True,10e79867cd1f19d92bb7e52199447b227f87ff45,100.0,100.0,0.0,0.0,1.0,1.0,54.28559305592469,
Mdc869421d2_s010000,Mdc869421d2,loop1_train,BCQ,3,10000,True,0f3a352a955b0b761b6190d2727c3ebfb3f974f3,100.0,100.0,0.0,0.0,1.0,1.0,54.28559305592469,
Me52a2aa1c2,Me52a2aa1c2,loop1_train,BCQ,1,20000,False,92f03686cfc94b0a49f8af23f87da92bdd18d1b3,100.0,100.0,0.0,0.0,1.0,1.0,54.28559305592469,
Me52a2aa1c2_s000100,Me52a2aa1c2,loop1_train,BCQ,1,100,True,d9e29e116a03e6ba03d3d13d14664c6a51a50e2a,100.0,100.0,0.0,0.0,1.0,1.0,54.28559305592469,
Me52a2aa1c2_s000300,Me52a2aa1c2,loop1_train,BCQ,1,300,True,2ae3927244c7aa80d07bea5271e9f0d389a8ac69,100.0,100.0,0.0,0.0,1.0,1.0,54.28559305592469,
Me52a2aa1c2_s001000,Me52a2aa1c2,loop1_train,BCQ,1,1000,True,e618df2aa8f66b06900d486412e6ad43dc82d224,100.0,100.0,0.0,0.0,1.0,1.0,54.28559305592469,
Me52a2aa1c2_s003000,Me52a2aa1c2,loop1_train,BCQ,1,3000,True,c73401dc9fc840e3bb22f4d0e4a1b429cfb06709,100.0,100.0,0.0,0.0,1.0,1.0,54.28559305592469,
Me52a2aa1c2_s010000,Me52a2aa1c2,loop1_train,BCQ,1,10000,True,e1eeaaa04ac7407067fe88e36a6c856525e323f9,100.0,100.0,0.0,0.0,1.0,1.0,54.28559305592469,
Mf0d5a821d3,Mf0d5a821d3,candidate_train,TD3_BC,3,30000,False,a0fde850c99e1b9c1a62e5e075d53728e7523883,88.74982231098879,95.79800415039062,45.92359823914288,0.0215,0.4285,0.972,25.995837365306425,0.8726383801994223
Mf4a38c6ae1,Mf4a38c6ae1,loop1_train,CQL,1,50000,False,761c40b0293d2ab0441fec8ef2df1cb9e14021da,70.45733101892472,69.97262573242188,17.161741584439316,0.0,0.067,1.0,52.13992961906281,0.17234337247378514
Mf4a38c6ae1_s000100,Mf4a38c6ae1,loop1_train,CQL,1,100,True,ad9ed798bd1eb48693875d30f93e8faf306b2e2f,-0.8715605995953083,-0.8741061985492706,0.06475993366971823,1.0,0.0,0.0,96.9033638041346,-0.4357622175991027
Mf4a38c6ae1_s000300,Mf4a38c6ae1,loop1_train,CQL,1,300,True,d9c854ad47d03466fad970744008a8eb43a77b1e,4.255582677364349,4.3088343143463135,0.40571204204759853,0.0,0.0,1.0,92.46314048628194,0.47952430563771925
Mf4a38c6ae1_s001000,Mf4a38c6ae1,loop1_train,CQL,1,1000,True,ef2cf26bce2ebf4042e69a8206893a65eea8dc16,51.076247411727906,50.3438663482666,5.251380093572488,0.0,0.0,1.0,57.42192887101103,0.4840323516171716
Mf4a38c6ae1_s003000,Mf4a38c6ae1,loop1_train,CQL,1,3000,True,e5836a9ed060f4763c6afe97b3a0c9ffc620cb65,85.96048849105836,85.10685729980469,6.540312734777184,0.0,0.0365,1.0,48.60672482496344,0.45601639959668105
Mf4a38c6ae1_s010000,Mf4a38c6ae1,loop1_train,CQL,1,10000,True,04204901927bcca49c363268acc5301f52f05767,86.81108001136779,88.21995544433594,20.28918834963238,0.0,0.248,1.0,44.91284087139976,0.49597638287023565
Mf4a38c6ae1_s020000,Mf4a38c6ae1,loop1_train,CQL,1,20000,True,052661953ebbf1434effc53b9f1846c1357598be,103.29198058128357,113.01609802246094,30.34450915194888,0.0,0.6285,1.0,49.149326693971744,0.5117022605547338
Mf4a38c6ae1_s030000,Mf4a38c6ae1,loop1_train,CQL,1,30000,True,5af010e88f82ab0fd3ebf5f9666f0909cd65f69c,88.97458752632141,89.49221801757812,24.544950957435056,0.0,0.2675,1.0,40.224558134609275,0.6565392282711138
