tick,ABid,BC,BCQ,CQL,IQL,OnlineLP,PID,TD3_BC
0,116.57655453706153,67.3623847961346,99.99999999997917,0.0,62.65851783750617,76.21880126520514,14.999999999996934,18.73589038848276
1,116.74923226721963,81.11222839351612,99.99999999995556,0.0,75.71627044674582,75.84056752304869,17.99999999999205,18.763029098498873
2,117.49739372081925,82.58221435542106,99.999999999946,0.0,78.06235504146339,75.7964002785007,21.599999999988377,18.800848007186197
3,117.08439463253711,82.99696731557607,99.99999999989932,0.0,79.99822998039443,75.79700742487728,25.91999999997481,18.770872116079197
4,116.39720226800719,84.90448379508445,99.99999999991081,0.0,80.75695419302684,75.79816495201888,31.103999999972423,18.50664806364159
5,117.0862513306978,85.5035820006114,99.9999999998707,0.0,81.08153152453002,75.7981649519878,37.324799999952496,18.341388702350148
6,119.31857525770766,85.93519210803672,99.99999999987432,0.0,81.33768463124733,75.7530456094414,44.789759999944465,18.182405471786865
7,114.61789953228119,86.26637649523167,99.99999999985894,0.0,81.52688980088404,75.70095047174726,53.747711999924306,18.06725978848764
8,116.65711717495822,86.39580154404405,99.99999999989551,0.0,81.77186584468157,75.65588957776673,64.49725439993318,17.939492225610167
9,114.6203763024578,86.71370315543342,99.99999999990806,0.0,82.10898208599282,75.67084172464584,77.39670527993063,17.847375869728943
10,115.62663744462046,88.40893173214704,99.9999999999591,0.0,83.04267501829062,75.68377340884669,92.87604633596197,17.880491256709742
11,112.2818124241659,88.02104568479695,99.99999999996409,0.0,83.56298446651371,75.73057287994625,111.45125560314156,17.916686058040852
12,113.09514383659231,89.28040695187053,99.9999999999746,0.0,83.98176193236165,75.84584687114327,133.74150672378283,18.106201171871582
13,108.52217082142883,88.58231735225789,99.99999999997286,0.0,84.19823455807386,75.30791344047562,160.48980806847464,18.199601173397262
14,101.29376625320005,89.57170486449041,99.9999999999812,0.0,85.25032806395134,75.7004267041921,160.48980806858077,18.522412300107412
15,98.45172917466677,89.24119567868942,99.99999999997934,0.0,85.71523666380779,76.49579938100628,134.8114387775912,18.560699462887943
16,94.94899698909649,90.63721847532909,99.99999999998954,0.0,86.84305953977804,76.89324851740082,134.81143877761832,19.128584861754092
17,90.31677447587464,89.51799774167566,99.99999999998887,0.0,87.47415924070287,76.74764741994673,113.24160857319407,19.40200233458981
18,83.75117481182589,89.77229309081355,99.99999999998934,0.0,88.07482910155568,77.03705243913994,113.24160857316951,19.80105400085271
19,81.20586360555436,89.01651763914447,99.9999999999865,0.0,88.26466369627988,77.3398540475446,95.12295120148528,19.904662132261105
20,74.12462479979399,90.36298751830242,99.9999999999882,0.0,89.75039291380551,77.42161358920188,95.12295120148957,20.204042434690788
21,69.16043282566395,89.43187332152058,99.99999999998468,0.0,90.1124801635643,79.05259310778104,94.74547917290715,20.24933815002268
22,55.93004909023193,89.03505325315103,99.99999999998391,0.0,90.53010559080039,80.67246143338372,95.50344300629129,20.346983909605274
23,0.0,88.75210952755852,99.99999999997726,0.0,90.28010559080519,83.39358759249069,79.90327900925021,20.176958084104243
24,0.0,88.73583602902227,99.99999999996477,0.0,90.7020187377698,85.64517202023501,80.542505241311,19.712825775143557
25,0.0,88.34584045407539,99.99999999995816,0.0,91.2213401794258,85.71541503348266,95.88393481108643,19.369935989375985
26,0.0,89.22348403927323,99.99999999996535,0.0,91.23833084102841,85.83903496664877,96.65100628957644,19.23379707335649
27,0.0,89.03277587889411,99.99999999994867,0.0,91.1117172240702,86.36675806679037,96.65100628957717,19.045591354359374
28,0.0,89.53297424311651,99.99999999994643,0.0,91.35247039790465,86.73140453646606,115.98120754743906,19.01179695129057
29,0.0,89.87487030027832,99.99999999994344,0.0,91.55392074582159,87.58872918981538,115.98120754749348,18.95852088927797
30,0.0,90.40715789790207,99.99999999994473,0.0,91.90856933591598,89.57517294626763,116.90905720786498,18.798774719233187
31,0.0,91.01283264156277,99.99999999993116,0.0,92.3095550536898,89.99999999989305,116.90905720786625,18.72512054442806
32,0.0,91.11532592772227,99.99999999997425,0.0,92.23058319090134,89.99999999996358,113.80664600674197,19.021185874935842
33,0.0,91.04113006589742,99.99999999996984,0.0,91.28652572630384,89.99999999995595,88.86914971216561,19.153843879694378
34,0.0,91.78706741331452,99.99999999996643,0.0,90.20690155028319,89.999999999936,85.90837740318943,19.14612960814092
35,0.0,92.28995513914099,99.99999999995421,0.0,89.64809417722455,88.89987616766777,82.49103076586474,19.09842395781842
36,0.0,92.67771530148775,99.99999999995042,0.0,89.84353256221318,88.95605345315317,81.8363400455101,19.00244426726058
37,0.0,92.28571701045765,99.99999999994716,0.0,89.8643569945743,88.97877351510643,82.49103076587465,19.004355430598324
38,0.0,92.38533401487763,99.99999999995586,0.0,89.89770889279448,89.74732811075864,83.15095901200411,19.04060268401838
39,0.0,93.08006668089739,99.99999999993909,0.0,89.64113998411152,89.94285461355258,69.8468055700861,19.132971763608083
40,0.0,91.69780731198847,99.9790992736653,0.0,88.65764999388503,89.99999999998144,69.84680557008879,19.44469356536293
41,0.0,90.92652511593343,80.33460707668794,0.0,87.50194168087995,89.99999999995813,58.2056713084074,19.763607025140292
42,0.0,88.03094482420957,42.0792142958247,0.0,85.30589675902395,88.72809239767693,48.8927638990621,20.363627433771725
43,0.0,84.24769210813994,0.0,0.0,83.00374603270478,89.9999999999871,41.06992167521243,20.79988861083784
44,0.0,75.64479064940134,0.0,0.0,79.77938079832995,86.86275672307704,25.73669771505574,20.774508476251416
45,0.0,75.6890563964682,0.0,0.0,76.94940185544883,81.53655352695014,0.0,20.751983642575155
46,0.0,74.52449035641102,0.0,0.0,76.44581222532327,79.9999999999627,0.0,20.61121368407666
47,0.0,69.18811416624914,0.0,0.0,76.48944854735049,69.99999999998197,0.0,20.503336906427812
