player_index,episode,ABid,PID,OnlineLP,BC,IQL,CQL,BCQ,TD3_BC
0,0,16.4383527752453,16.437864708064566,36.0,36.0,37.0,0.0,35.0,0.0
0,1,2.6125010313321644,13.001273868240714,0.5696464247808565,0.1673473139036977,1.2794680127906128,0.0,1.212412568631907,0.0
0,2,8.155880195209988,40.0,52.0,30.0,37.0,0.0,23.405142846432373,0.0
0,3,11.012442897730752,20.899209378738625,29.0,30.0,27.0,0.0,26.10283609825554,0.0
1,0,28.143666587787575,4.787267251395732,12.396085850655576,31.2893383930819,26.823675118338368,0.0,23.518905816158245,0.0
1,1,5.718384108543016,3.580042326874274,8.0,4.990538625830893,3.7859557299760738,0.0,11.994271205461287,0.0
1,2,8.485502517822473,2.3981852815540186,30.516498217209342,21.01051178251165,25.110783068678725,0.0,23.597339372613114,0.0
1,3,33.0,5.684550586452065,24.0,40.48182566737578,37.38348606924709,0.0,37.263831258503146,0.0
2,0,26.81342290756433,3.0376441165795094,53.0,41.0,45.0,0.0,37.0,0.0
2,1,7.845286802271288,4.421723644122051,0.6046928667962613,5.0,5.0,0.0,3.0,0.0
2,2,17.715113659441094,1.977313032365084,37.0,38.0,42.0,0.0,15.818460405275168,0.0
2,3,6.173287501796471,9.619070648496013,24.0,30.761973777068476,21.817795009970915,0.0,21.4937610119559,0.0
3,0,5.764780719817906,10.697807445722558,10.713287933003755,8.302462063255266,11.108939083004087,0.0,9.870921094966308,0.0
3,1,12.25164064522637,1.5536410725948673,0.0,0.0,0.0,0.0,2.0,0.0
3,2,8.604898410584806,7.090399481673261,14.410206982815147,22.0,16.782606736350782,0.0,22.0,0.0
3,3,12.25156400633979,1.5314259082219364,0.0,0.6557576838846371,0.46189741716603033,0.0,1.4061374175784367,0.0
4,0,14.166978297878718,2.16007047157533,30.204826824256738,12.640370657381963,20.598372903225755,0.0,25.961440091856577,0.0
4,1,3.1688804042617433,4.218780077604014,1.9004880949856675,3.323923162300061,2.8158476990784673,0.0,4.800711327476355,0.0
4,2,21.970760198521454,19.609676761360152,17.74884527622055,31.207329672163045,24.581262573191744,0.0,21.97024232319852,0.0
4,3,12.988489727062346,20.727404142800136,4.8140288991275,24.791595885832052,32.96686389862452,0.0,23.166602755013272,0.0
5,0,5.623554160945089,3.0802711240046166,16.0,19.0,21.0,0.0,21.0,0.0
5,1,3.0801536717916758,4.2252469770658,3.1686768898710884,6.225520710649759,6.062566256873512,0.0,4.410381880603325,0.0
5,2,20.0,26.0,32.0,29.0,28.0,0.0,27.0,0.0
5,3,11.593401693407651,9.283088784299144,0.07318499367344701,3.0,4.0,0.0,3.1220620864798563,0.0
6,0,9.402754791224265,5.921142605881069,32.0,29.0,31.0,0.0,29.0,0.0
6,1,11.564804217765813,1.1753531854922068,4.58898477862078,8.0,8.0,0.0,5.0,0.0
6,2,3.426657352939768,16.835609182367335,17.0,26.0,24.0,0.0,29.0,0.0
6,3,9.402742190852607,11.565105898851284,22.0,33.0,26.0,0.0,21.0,0.0
7,0,24.37630740066248,4.838555553804292,48.0,46.0,52.0,0.0,47.0,0.0
7,1,12.742093469388879,14.453155865791388,8.0,10.838670969788001,12.628543022276173,0.0,16.0,0.0
7,2,26.46481509411162,10.283487101640326,61.0,53.0,54.0,0.0,41.539755493686314,0.0
7,3,49.0,15.564550439739111,41.0,53.0,48.0,0.0,54.0,0.0
8,0,32.962903306917205,21.882576670231803,56.0,57.0,55.0,0.0,54.31227545671561,0.0
8,1,34.47627427294423,15.960206985851707,50.02027619044207,27.244399696182942,25.609811821125923,0.0,40.66775979640709,0.0
8,2,1.8899369514453663,6.898683045285056,2.2462300065019867,2.105665465314388,4.010880151314721,0.0,3.3767610760524978,0.0
8,3,22.540832391454796,30.71826283428393,32.56133926746463,19.72656538538009,36.465259801315945,0.0,27.244077435292873,0.0
9,0,16.0,17.0,43.0,28.0,29.0,0.0,24.0,0.0
9,1,14.260510168799378,24.0,31.0,23.0,27.0,0.0,27.0,0.0
9,2,9.28262847037075,1.4492808842931713,6.0,13.0,11.0,0.0,25.0,0.0
9,3,3.0803112577489045,34.0,40.0,28.0,32.0,0.0,19.0,0.0
10,0,8.748766582074724,10.205317404515792,13.0,14.0,11.0,0.0,12.0,0.0
10,1,5.22480770838499,15.519943903745679,29.0,28.0,28.0,0.0,31.0,0.0
10,2,15.51985027432791,29.0,21.0,14.0,14.0,0.0,19.0,0.0
10,3,15.51954969160504,28.0,29.0,15.519308589502899,11.81289729128848,0.0,35.0,0.0
11,0,3.7861811995923524,15.028637242635153,28.0,24.0,25.0,0.0,29.0,0.0
11,1,15.028517284815287,26.0,37.0,31.0,33.0,0.0,20.292834962072412,0.0
11,2,7.394801664560012,4.813716087408947,0.0,0.4341614911715653,0.6439466411578522,0.0,1.4085538831715256,0.0
11,3,31.0,27.0,32.0,30.0,28.0,0.0,33.0,0.0
12,0,26.0,2.4981404983062103,6.0,14.0,12.0,0.0,17.0,0.0
12,1,11.56555637108744,11.564672129238238,21.0,28.0,27.0,0.0,25.0,0.0
12,2,5.921155939648748,3.4266483833185624,24.0,28.0,21.0,0.0,20.0,0.0
12,3,5.921522177182551,23.0,21.0,9.403275042894876,19.0,0.0,11.564868814024756,0.0
13,0,21.144132520379724,11.71859881307435,38.0,29.15888203182718,31.0,0.0,31.561272845203106,0.0
13,1,28.694788674297286,31.56202902018229,43.0,11.71887296268508,11.71893366085061,0.0,40.0,0.0
13,2,26.00505037567645,1.282018697844394,12.0,8.58153824697533,3.499415806187365,0.0,20.066878890307464,0.0
13,3,5.617400508415214,47.0,40.0,5.617190737166793,21.14353869473257,0.0,5.617147906193081,0.0
14,0,61.0,39.89742791506101,64.67396368669054,54.73190218017008,50.76034022388099,0.0,54.72798910691325,0.0
14,1,15.531213999042999,4.753433246020895,18.77293741060282,8.082161264287137,8.755328609867767,0.0,25.124609839060412,0.0
14,2,2.0006475121177107,5.357946015088836,0.1492193494140569,2.440760858660237,1.177519260665756,0.0,0.41031415344209077,0.0
14,3,32.76962249338252,18.772005092443287,47.99049760553536,1.4777098436335834,3.891431330174654,0.0,19.944925905165693,0.0
15,0,6.049115312985614,6.562419310955983,6.951469262969859,5.565988351955169,6.707562671709406,0.0,4.842333744226352,0.0
15,1,16.01941575148674,2.202530331637439,47.0,13.114385642872584,8.401778706462377,0.0,23.054843860611438,0.0
15,2,12.752576624825576,1.824893222752639,15.95941442861326,6.379870221247508,6.818567349456748,0.0,10.116730008457251,0.0
15,3,27.236605082050136,14.518433808001333,49.0,51.0,39.898134275739764,0.0,46.0,0.0
16,0,2.1632501133432585,7.301256349236275,23.0,23.0,18.0,0.0,19.0,0.0
16,1,16.0,21.0,23.0,25.0,22.0,0.0,23.0,0.0
16,2,11.5942546563668,11.594463530980036,18.0,20.0,20.0,0.0,20.0,0.0
16,3,11.594118602255989,18.0,35.0,29.0,30.0,0.0,24.0,0.0
17,0,26.464606839203967,4.179681739595375,34.0,43.0,42.0,0.0,30.991478755032183,0.0
17,1,10.07497778758948,18.77693260298657,1.34040644267188,4.754424162387588,3.270397331526302,0.0,3.1849699747737223,0.0
17,2,28.668318634314968,1.7633395645309868,24.0,34.0,33.0,0.0,35.0,0.0
17,3,28.667820475668574,11.469381496006383,61.0,22.4010982194107,14.10622301064932,0.0,36.00879723783004,2.0
18,0,4.320389892929041,12.282667803679288,25.0,23.0,25.0,0.0,20.0,0.0
18,1,20.0,25.0,35.0,26.0,24.0,0.0,23.0,0.0
18,2,5.4925365723254735,3.3277033901381055,3.0,8.7934543884918,5.520551616015341,0.0,7.232281909299153,0.0
18,3,14.580336198822781,33.0,46.0,29.0,25.0,0.0,40.0,0.0
19,0,9.40928290770924,10.974441976955283,52.0,43.0,42.0,0.0,36.0,0.0
19,1,14.606342916166742,21.43462317588303,27.0,31.0,29.0,0.0,32.0,0.0
19,2,10.97394369822186,3.7642347840306236,27.0,36.0,33.0,0.0,34.0,0.0
19,3,14.606924587840902,10.974079011129653,39.0,41.0,42.0,0.0,32.0,0.0
20,0,8.975393651362088,4.915843011167645,6.0,5.0,4.416955575918165,0.0,8.0,0.0
20,1,25.110205010678506,8.975200233176427,14.656846950787669,17.0,16.53395439435022,0.0,16.80657354370151,0.0
20,2,7.806015401210571,3.4525081290620045,21.380678972170774,22.758543330696675,28.575973875268218,0.0,25.110005201420517,0.0
20,3,14.81469994372234,13.169953528557427,31.696329784934786,20.557924284813307,27.620104614238244,0.0,16.591306018227595,0.0
21,0,19.0,26.0,43.0,34.0,35.0,0.0,28.0,0.0
21,1,16.04259918963627,16.399279240262377,13.0,20.0,20.0,0.0,23.0,0.0
21,2,16.043598597386264,2.380428709661544,20.0,22.0,24.0,0.0,25.0,0.0
21,3,1.6718436202260105,18.0,29.0,28.0,28.0,0.0,25.0,0.0
22,0,54.0,10.98199351265012,31.778900837701084,50.715924199296374,44.840034922575654,0.0,54.779064495311324,0.0
22,1,1.9348193307689119,6.831662748489277,0.5698714252622303,0.8279804039656719,0.5147767390302114,0.0,1.1840436730027455,0.0
22,2,26.877576255132517,5.015037338713527,29.942704652053454,29.91938934354829,26.208381396736513,0.0,20.301828956295118,0.0
22,3,36.475543591974635,16.129833883079602,35.29466196850349,38.26980458435624,35.741250640172126,0.0,26.87757591222729,0.0
23,0,13.600086647158648,5.737734776040838,59.0,39.01840972502956,31.618942746411214,0.0,26.562728054429087,0.0
23,1,28.373421689376613,6.399347430712366,21.789307869572408,15.816786009053807,16.639658057659076,0.0,36.43723442326181,0.0
23,2,40.98702571597041,11.457099200551612,39.0,59.0,52.0,0.0,56.8758592814167,0.0
23,3,20.090719535642343,5.737709391796576,28.372980316394024,20.090334620724587,21.596777678276094,0.0,20.09040922139485,0.0
24,0,3.60014871967659,0.45003650203775947,23.0,17.0,18.0,0.0,12.150828027485861,0.0
24,1,4.791723073282914,1.8432271349005336,14.746202144977703,3.034465512311964,1.7073573226129926,0.0,13.0,0.0
24,2,2.6245762727691173,8.343997807948039,6.702070799069586,9.57295206278702,3.4120613581530437,0.0,6.878023733906744,0.0
24,3,3.600221312219892,14.746745498670167,5.0,7.0,7.0,0.0,14.0,0.0
25,0,16.475259359980406,5.281350450573172,17.0,13.0,16.0,0.0,12.577314567843498,0.0
25,1,22.692956808578142,5.6152325047373495,20.649411937925578,21.56887993263778,23.12453367376762,0.0,31.541450243010782,0.0
25,2,23.428885570734465,5.120097382245744,27.764477093933444,24.194973369356646,24.83715912174167,0.0,31.450421970408673,0.0
25,3,27.881638141024638,7.583217709470443,38.0,45.0,43.0,0.0,54.0,0.0
26,0,8.064327745182966,9.271796633192048,33.0,20.0,25.0,0.0,31.0,0.0
26,1,13.605667487330269,19.115751279536365,25.940425391314257,18.0,21.0,0.0,25.0,0.0
26,2,17.138725033642885,6.966175121649894,37.0,34.0,34.0,0.0,35.0,0.0
26,3,10.59449768238602,9.2721211025943,22.0,18.0,18.0,0.0,24.0,0.0
27,0,0.751286465831324,1.3328111512669047,0.7751676296506589,0.2909121136246308,0.5995100403501081,0.0,0.7561109990052403,0.0
27,1,33.91102693558635,7.324602397266987,38.14468089850783,43.29129628260038,27.71453219727005,0.0,26.405626671024283,0.0
27,2,19.704567696841792,5.694032195577475,21.0,16.772924012397684,20.098629170589927,0.0,32.0,0.0
27,3,2.7708919488265695,3.33403345453808,0.738416161678791,2.0,1.613753796461335,0.0,2.0288719115498113,0.0
28,0,9.849643677904051,4.1553903888078345,32.0,29.0,33.0,0.0,33.0,0.0
28,1,14.979837767558674,3.3784451971901897,34.0,39.0,36.0,0.0,32.0,0.0
28,2,30.0,13.109968517544676,34.0,29.0,29.0,0.0,41.0,0.0
28,3,14.979670526588022,4.155358179396571,25.0,17.0,16.0,0.0,24.0,0.0
29,0,8.066880115476488,3.181427085744189,21.0,15.0,19.0,0.0,28.0,0.0
29,1,11.743478764695226,13.939380305352381,39.0,39.0,34.0,0.0,29.0,0.0
29,2,23.0,16.394613408979403,23.0,14.312432004343428,11.743011466538416,0.0,28.0,0.0
29,3,9.79035475749587,3.181496923968173,0.969453972855606,3.0,3.0,0.0,1.9456731554712232,0.0
30,0,9.28263643839071,9.282669411465516,19.0,7.6163090994547895,10.0,0.0,16.0,0.0
30,1,11.59342124788772,24.0,20.0,25.0,26.0,0.0,20.0,0.0
30,2,19.0,16.0,14.260556622305572,18.0,18.0,0.0,23.0,0.0
30,3,5.623890676938614,2.163203699804592,6.0,10.0,8.730120866026088,0.0,18.0,0.0
31,0,31.175948254882236,2.4540312300603464,50.0,41.0,45.0,0.0,49.0,0.0
31,1,35.84459667893242,46.53505711447347,61.0,62.0,55.0,0.0,33.45503794113723,0.0
31,2,15.12178455899638,8.97288678099079,26.0,17.598147881172604,15.415967602634623,0.0,20.654966916589455,0.0
31,3,13.686687470334238,4.480578676405671,13.686323477899098,8.07946969048428,12.16467713189037,0.0,9.976880999174067,0.0
32,0,7.9099435982670245,19.0,21.0,26.0,26.0,0.0,25.0,0.0
32,1,17.0,19.0,29.0,27.0,27.0,0.0,25.0,0.0
32,2,26.0,23.0,8.0,8.0,9.0,0.0,33.0,0.0
32,3,6.220909882403044,19.0,22.0,25.0,31.0,0.0,26.0,0.0
33,0,30.14139051450706,32.8796585084436,66.0,45.0,39.0,0.0,40.0,0.0
33,1,42.0,49.0,46.0,44.0,56.0,0.0,51.0,0.0
33,2,16.834724012318283,16.20431685632097,10.656078674456007,15.174724873353114,17.781281706756523,0.0,38.0,0.0
33,3,2.1043066855157897,7.102088451008588,41.0,45.0,46.0,0.0,37.0,0.0
34,0,10.609447337864909,12.897492073696002,14.789415291703905,15.698933682837758,16.750137888780674,0.0,13.78948122413697,0.0
34,1,34.79351399420558,19.674691633898288,48.2792849042023,54.16071838652727,38.35129153971851,0.0,36.83958704306556,0.0
34,2,61.87313399430543,43.620010499658136,36.23124374294257,38.0,38.0,0.0,64.0,0.0
34,3,18.332857431413647,6.035042981878978,27.366159936759505,54.00993897721199,56.69017575640212,0.0,21.07872478554297,0.0
35,0,25.723887715712564,21.7740825373504,78.0,54.0,48.0,0.0,46.0,0.0
35,1,51.0,64.0,68.0,63.0,59.0,0.0,53.0,0.0
35,2,27.677349389334836,18.816296488134828,8.0,0.17498949554516016,0.16604919653793562,0.0,1.6502408984760955,0.0
35,3,21.774325361030353,11.148290597354311,40.37803904751772,37.62629094334355,46.0,0.0,48.0,1.0
36,0,14.607069970896434,3.7642344395317107,58.0,38.0,35.0,0.0,33.0,0.0
36,1,18.963228501908155,28.0,40.0,27.0,27.0,0.0,29.0,0.0
36,2,14.606995332735243,4.744950954067523,2.111497308393448,18.0,17.0,0.0,29.0,0.0
36,3,37.0,3.013834982982771,30.0,40.0,40.0,0.0,40.0,0.0
37,0,13.48061257166083,2.980398200054339,2.299219758763961,14.15282725222183,13.482228977177975,0.0,16.0,0.0
37,1,9.26038694097985,26.0,30.0,27.0,31.0,0.0,16.002561116968177,0.0
37,2,13.48013237166404,25.0,23.0,28.0,26.0,0.0,20.0,0.0
37,3,11.239436416423963,9.260403331506625,11.238517796445176,13.480891652151778,18.820335680455692,0.0,21.0,3.0
38,0,26.217568631775563,11.475241148335511,62.14329664478018,17.286016720566312,18.389508854931275,0.0,13.237793917541216,0.0
38,1,34.19583842403045,19.58921662225346,35.67485931420958,29.900914400512423,44.324123247364774,0.0,37.79237688989915,0.0
38,2,13.915520364225427,14.920571105474894,9.972332070991202,13.744691721783479,13.603278949787525,0.0,15.60773980018337,0.0
38,3,31.0,2.301644263437076,11.0,18.41289458911919,16.33519232814264,0.0,10.238264496543849,0.0
39,0,9.282348309398179,21.0,19.0,23.0,23.0,0.0,18.0,0.0
39,1,9.28275390943484,29.0,43.0,29.0,27.0,0.0,22.0,0.0
39,2,16.0,12.718784566041048,11.0,19.0,19.0,0.0,20.0,0.0
39,3,9.28260015413293,7.301184667572113,21.0,22.0,20.0,0.0,26.0,2.0
40,0,7.461737635483618,0.9902065599451781,4.380985080168195,3.530910983397214,6.548781471983582,0.0,4.46660847085756,0.0
40,1,18.919184007035643,18.919209280547836,35.49221284486152,38.0,41.0,0.0,27.540079194758565,0.0
40,2,12.315886233613963,14.385577768823294,27.54025747778306,24.00107160601179,20.105304002641038,0.0,30.043814936794902,0.0
40,3,6.489435561261924,7.461087265115772,7.900453743933785,4.05594690419845,6.893986788915941,0.0,5.605691830313856,0.0
41,0,31.0,17.06959753152328,27.0,30.0,33.0,0.0,33.0,0.0
41,1,9.767609342861464,4.805988284745693,17.326130415101783,15.61570487073748,10.489654228770425,0.0,7.576440690242543,0.0
41,2,1.4240714657508198,30.0,22.250046190880088,27.0,27.0,0.0,27.0,0.0
41,3,29.0,15.163718301047028,30.0,26.0,25.0,0.0,31.0,0.0
42,0,23.0,18.29926942832211,35.0,21.0,18.300243923253895,0.0,27.0,0.0
42,1,11.238008889917989,24.0,28.0,33.0,37.0,0.0,28.0,0.0
42,2,13.340204403884341,13.340380144959594,28.0,30.0,27.0,0.0,27.0,0.0
42,3,6.276515653886458,15.68948149958281,24.0,8.703993345725392,10.282465675278349,0.0,11.238633854114012,0.0
43,0,5.788910187221122,6.3537451092065,5.6651717095565,9.713766765085374,9.3655514001652,0.0,0.6818881408020799,0.0
43,1,47.592146483651675,4.6324810708602575,44.79259505275679,64.0,60.0,0.0,54.0,0.0
43,2,26.0,12.416911987992002,7.0,10.0,6.0,0.0,6.0,0.0
43,3,20.80438906796732,14.96446507963467,16.0,3.7253160437130344,7.428982625104361,0.0,7.465102852243936,0.0
44,0,6.14802845755904,2.160021477300534,1.9531624400685084,7.4158646021243655,6.363790834805348,0.0,5.980155748319819,0.0
44,1,28.936920103076503,16.2226166313706,37.23962106825759,35.466294229719885,52.66666543973753,0.0,32.09127364901366,0.0
44,2,28.19766568450757,11.57641279252302,14.82764357890499,29.179525559004677,18.613582476799778,0.0,29.48136742173849,0.0
44,3,23.198068447758416,5.615402125874656,19.38277175578071,21.00018592265351,19.899042169583982,0.0,20.726798424227105,0.0
45,0,43.45619127955257,24.08579198782999,49.06156389838627,48.45452734084273,42.632574970896506,0.0,47.485349821138016,0.0
45,1,38.96396443565362,18.33309495025745,34.79332228664122,62.45664853265534,64.0,0.0,34.793400601681,0.0
45,2,14.829101841939552,11.226650054986058,8.618270305561818,3.115330500542307,2.361722712230409,0.0,7.949570588529019,0.0
45,3,12.168697090661924,12.365523219765969,11.649154564003563,5.313976810383286,5.702805827248888,0.0,7.532609858226042,0.0
46,0,25.0,8.008114382130897,7.80976930630378,9.67666390290632,16.0,0.0,15.0,0.0
46,1,20.0,22.0,32.0,36.0,34.0,0.0,27.0,0.0
46,2,9.282508792085192,14.259447789194601,20.0,26.0,22.0,0.0,17.0,0.0
46,3,4.225133505505671,17.0,24.0,27.0,21.0,0.0,25.0,0.0
47,0,4.560794603045938,14.296321444991964,19.0,9.40300708773647,15.078577750483882,0.0,19.0,0.0
47,1,14.035093960487554,14.036335542528898,36.0,39.0,40.0,0.0,27.0,0.0
47,2,4.561115550134537,15.206360595507865,24.0,19.0,19.0,0.0,23.0,0.0
47,3,22.0,28.0,36.0,34.0,34.0,0.0,28.0,0.0
